ID,DATE,MARQUE,CATEGORIE,THEME,OBJET,CREA_CAPTURE,VERSION_ENLIGNE
1,18/11/2016,Ziemann Inc,Human Resources,HP QTP,Focused actuating system engine,http://dummyimage.com/400x600.png/ff4444/ffffff,http://twitpic.com/ipsum/dolor/sit.json?in=pretium&faucibus=nisl&orci=ut&luctus=volutpat&et=sapien&ultrices=arcu&posuere=sed&cubilia=augue&curae=aliquam&donec=erat&pharetra=volutpat&magna=in&vestibulum=congue&aliquet=etiam&ultrices=justo&erat=etiam&tortor=pretium&sollicitudin=iaculis&mi=justo&sit=in&amet=hac&lobortis=habitasse&sapien=platea&sapien=dictumst&non=etiam&mi=faucibus&integer=cursus&ac=urna&neque=ut&duis=tellus&bibendum=nulla&morbi=ut&non=erat&quam=id&nec=mauris&dui=vulputate&luctus=elementum&rutrum=nullam&nulla=varius&tellus=nulla&in=facilisi&sagittis=cras&dui=non&vel=velit&nisl=nec&duis=nisi&ac=vulputate&nibh=nonummy&fusce=maecenas&lacus=tincidunt&purus=lacus&aliquet=at&at=velit&feugiat=vivamus&non=vel&pretium=nulla&quis=eget&lectus=eros&suspendisse=elementum&potenti=pellentesque&in=quisque&eleifend=porta&quam=volutpat&a=erat&odio=quisque&in=erat&hac=eros&habitasse=viverra&platea=eget&dictumst=congue&maecenas=eget&ut=semper&massa=rutrum&quis=nulla&augue=nunc&luctus=purus&tincidunt=phasellus&nulla=in&mollis=felis&molestie=donec
2,24/09/2016,Mann-Hilpert,Human Resources,PDMS Design,Compatible transitional groupware,http://dummyimage.com/400x600.png/dddddd/000000,https://mapquest.com/luctus/et/ultrices/posuere/cubilia.png?consequat=elementum&dui=pellentesque&nec=quisque&nisi=porta&volutpat=volutpat&eleifend=erat&donec=quisque&ut=erat&dolor=eros&morbi=viverra&vel=eget&lectus=congue&in=eget&quam=semper&fringilla=rutrum&rhoncus=nulla&mauris=nunc&enim=purus&leo=phasellus
3,20/04/2016,"Bergnaum, O'Hara and Goodwin",Legal,Smart Metering,Progressive needs-based approach,http://dummyimage.com/400x600.png/dddddd/000000,https://jigsy.com/ligula/in/lacus.js?pellentesque=aliquam&at=augue&nulla=quam&suspendisse=sollicitudin&potenti=vitae&cras=consectetuer&in=eget&purus=rutrum&eu=at&magna=lorem&vulputate=integer&luctus=tincidunt&cum=ante&sociis=vel&natoque=ipsum&penatibus=praesent&et=blandit&magnis=lacinia&dis=erat&parturient=vestibulum&montes=sed&nascetur=magna&ridiculus=at&mus=nunc&vivamus=commodo&vestibulum=placerat&sagittis=praesent&sapien=blandit&cum=nam&sociis=nulla&natoque=integer&penatibus=pede&et=justo&magnis=lacinia&dis=eget&parturient=tincidunt&montes=eget&nascetur=tempus&ridiculus=vel&mus=pede&etiam=morbi&vel=porttitor&augue=lorem&vestibulum=id&rutrum=ligula&rutrum=suspendisse&neque=ornare&aenean=consequat&auctor=lectus&gravida=in&sem=est&praesent=risus&id=auctor&massa=sed&id=tristique&nisl=in&venenatis=tempus&lacinia=sit&aenean=amet&sit=sem&amet=fusce&justo=consequat&morbi=nulla&ut=nisl&odio=nunc&cras=nisl&mi=duis&pede=bibendum&malesuada=felis&in=sed&imperdiet=interdum&et=venenatis&commodo=turpis&vulputate=enim&justo=blandit&in=mi&blandit=in&ultrices=porttitor&enim=pede&lorem=justo&ipsum=eu&dolor=massa&sit=donec&amet=dapibus
4,11/03/2017,Klocko-Bayer,Human Resources,Personal Injury,Versatile reciprocal alliance,http://dummyimage.com/400x600.png/cc0000/ffffff,https://livejournal.com/dolor/quis/odio/consequat.jsp?neque=sem&vestibulum=fusce&eget=consequat&vulputate=nulla&ut=nisl&ultrices=nunc&vel=nisl&augue=duis&vestibulum=bibendum&ante=felis&ipsum=sed&primis=interdum&in=venenatis&faucibus=turpis&orci=enim&luctus=blandit&et=mi&ultrices=in&posuere=porttitor&cubilia=pede&curae=justo&donec=eu&pharetra=massa&magna=donec&vestibulum=dapibus&aliquet=duis&ultrices=at&erat=velit&tortor=eu&sollicitudin=est&mi=congue&sit=elementum&amet=in&lobortis=hac&sapien=habitasse&sapien=platea&non=dictumst&mi=morbi&integer=vestibulum&ac=velit&neque=id&duis=pretium&bibendum=iaculis&morbi=diam&non=erat&quam=fermentum&nec=justo&dui=nec&luctus=condimentum&rutrum=neque&nulla=sapien&tellus=placerat
5,04/06/2016,"Runolfsson, Ritchie and Sanford",Legal,Jenkins,Virtual stable archive,http://dummyimage.com/400x600.png/ff4444/ffffff,http://1und1.de/amet/consectetuer/adipiscing/elit/proin.png?in=tortor&faucibus=quis&orci=turpis&luctus=sed&et=ante&ultrices=vivamus&posuere=tortor&cubilia=duis&curae=mattis&duis=egestas&faucibus=metus&accumsan=aenean&odio=fermentum&curabitur=donec
6,07/12/2016,"Ernser, Parker and Ziemann",Human Resources,Musical Theatre,Balanced next generation moratorium,http://dummyimage.com/400x600.png/5fa2dd/ffffff,https://yolasite.com/ante.aspx?in=sapien&leo=varius&maecenas=ut&pulvinar=blandit&lobortis=non&est=interdum&phasellus=in&sit=ante&amet=vestibulum&erat=ante&nulla=ipsum&tempus=primis&vivamus=in&in=faucibus&felis=orci&eu=luctus&sapien=et&cursus=ultrices&vestibulum=posuere&proin=cubilia&eu=curae&mi=duis&nulla=faucibus&ac=accumsan&enim=odio&in=curabitur&tempor=convallis&turpis=duis&nec=consequat&euismod=dui&scelerisque=nec&quam=nisi&turpis=volutpat&adipiscing=eleifend&lorem=donec&vitae=ut&mattis=dolor&nibh=morbi&ligula=vel&nec=lectus&sem=in&duis=quam&aliquam=fringilla&convallis=rhoncus&nunc=mauris&proin=enim&at=leo&turpis=rhoncus&a=sed&pede=vestibulum&posuere=sit&nonummy=amet&integer=cursus&non=id&velit=turpis&donec=integer&diam=aliquet&neque=massa&vestibulum=id&eget=lobortis&vulputate=convallis&ut=tortor&ultrices=risus&vel=dapibus&augue=augue&vestibulum=vel&ante=accumsan&ipsum=tellus&primis=nisi&in=eu&faucibus=orci&orci=mauris&luctus=lacinia&et=sapien
7,12/08/2016,Flatley and Sons,Support,LS9,Switchable demand-driven policy,http://dummyimage.com/400x600.png/cc0000/ffffff,http://gov.uk/in.jpg?imperdiet=vulputate&sapien=ut&urna=ultrices&pretium=vel&nisl=augue&ut=vestibulum&volutpat=ante&sapien=ipsum&arcu=primis&sed=in&augue=faucibus&aliquam=orci&erat=luctus&volutpat=et&in=ultrices&congue=posuere&etiam=cubilia&justo=curae&etiam=donec&pretium=pharetra&iaculis=magna&justo=vestibulum&in=aliquet&hac=ultrices&habitasse=erat&platea=tortor&dictumst=sollicitudin&etiam=mi&faucibus=sit&cursus=amet&urna=lobortis&ut=sapien&tellus=sapien&nulla=non&ut=mi&erat=integer&id=ac&mauris=neque&vulputate=duis&elementum=bibendum&nullam=morbi&varius=non&nulla=quam&facilisi=nec&cras=dui&non=luctus&velit=rutrum&nec=nulla&nisi=tellus&vulputate=in&nonummy=sagittis&maecenas=dui
8,10/06/2016,Farrell LLC,Marketing,ICP-OES,Proactive even-keeled implementation,http://dummyimage.com/400x600.png/ff4444/ffffff,https://senate.gov/duis.aspx?ipsum=mi&primis=nulla&in=ac&faucibus=enim&orci=in&luctus=tempor&et=turpis&ultrices=nec&posuere=euismod&cubilia=scelerisque&curae=quam&donec=turpis&pharetra=adipiscing&magna=lorem&vestibulum=vitae&aliquet=mattis&ultrices=nibh&erat=ligula&tortor=nec&sollicitudin=sem&mi=duis&sit=aliquam&amet=convallis&lobortis=nunc&sapien=proin&sapien=at&non=turpis&mi=a&integer=pede&ac=posuere&neque=nonummy&duis=integer&bibendum=non&morbi=velit&non=donec&quam=diam&nec=neque&dui=vestibulum&luctus=eget&rutrum=vulputate&nulla=ut&tellus=ultrices&in=vel&sagittis=augue&dui=vestibulum&vel=ante&nisl=ipsum&duis=primis&ac=in&nibh=faucibus&fusce=orci&lacus=luctus&purus=et&aliquet=ultrices&at=posuere&feugiat=cubilia&non=curae&pretium=donec&quis=pharetra&lectus=magna&suspendisse=vestibulum&potenti=aliquet&in=ultrices&eleifend=erat&quam=tortor&a=sollicitudin&odio=mi&in=sit&hac=amet&habitasse=lobortis&platea=sapien&dictumst=sapien
9,28/08/2016,Hegmann Inc,Research and Development,RMA,Enhanced maximized attitude,http://dummyimage.com/400x600.png/ff4444/ffffff,https://wired.com/elit.jpg?justo=lorem&pellentesque=ipsum&viverra=dolor&pede=sit&ac=amet&diam=consectetuer&cras=adipiscing&pellentesque=elit&volutpat=proin&dui=interdum&maecenas=mauris&tristique=non&est=ligula&et=pellentesque&tempus=ultrices&semper=phasellus&est=id&quam=sapien&pharetra=in&magna=sapien&ac=iaculis&consequat=congue&metus=vivamus&sapien=metus&ut=arcu&nunc=adipiscing&vestibulum=molestie&ante=hendrerit&ipsum=at&primis=vulputate&in=vitae&faucibus=nisl&orci=aenean&luctus=lectus&et=pellentesque&ultrices=eget&posuere=nunc&cubilia=donec&curae=quis&mauris=orci&viverra=eget&diam=orci&vitae=vehicula&quam=condimentum&suspendisse=curabitur&potenti=in&nullam=libero&porttitor=ut&lacus=massa
10,25/06/2016,Jast-Moore,Human Resources,XUL,Organic demand-driven customer loyalty,http://dummyimage.com/400x600.png/cc0000/ffffff,https://hc360.com/dignissim/vestibulum/vestibulum/ante.jpg?ac=dolor&nibh=sit&fusce=amet&lacus=consectetuer&purus=adipiscing&aliquet=elit&at=proin&feugiat=interdum&non=mauris&pretium=non&quis=ligula&lectus=pellentesque&suspendisse=ultrices&potenti=phasellus&in=id&eleifend=sapien&quam=in&a=sapien&odio=iaculis&in=congue&hac=vivamus&habitasse=metus&platea=arcu&dictumst=adipiscing&maecenas=molestie&ut=hendrerit&massa=at&quis=vulputate&augue=vitae&luctus=nisl&tincidunt=aenean&nulla=lectus&mollis=pellentesque&molestie=eget&lorem=nunc&quisque=donec&ut=quis&erat=orci&curabitur=eget&gravida=orci&nisi=vehicula&at=condimentum&nibh=curabitur&in=in&hac=libero&habitasse=ut&platea=massa&dictumst=volutpat&aliquam=convallis&augue=morbi&quam=odio&sollicitudin=odio&vitae=elementum&consectetuer=eu&eget=interdum&rutrum=eu&at=tincidunt&lorem=in&integer=leo&tincidunt=maecenas&ante=pulvinar&vel=lobortis&ipsum=est&praesent=phasellus&blandit=sit&lacinia=amet&erat=erat&vestibulum=nulla&sed=tempus&magna=vivamus&at=in&nunc=felis&commodo=eu&placerat=sapien&praesent=cursus&blandit=vestibulum&nam=proin&nulla=eu&integer=mi&pede=nulla&justo=ac&lacinia=enim&eget=in&tincidunt=tempor
11,05/12/2016,Bode Inc,Legal,Numerical Simulation,Multi-channelled system-worthy throughput,http://dummyimage.com/400x600.png/5fa2dd/ffffff,https://weather.com/ante/ipsum/primis/in/faucibus.jsp?curae=eget&duis=semper&faucibus=rutrum&accumsan=nulla&odio=nunc&curabitur=purus&convallis=phasellus&duis=in&consequat=felis&dui=donec&nec=semper&nisi=sapien&volutpat=a&eleifend=libero&donec=nam&ut=dui&dolor=proin&morbi=leo&vel=odio&lectus=porttitor&in=id&quam=consequat&fringilla=in&rhoncus=consequat&mauris=ut&enim=nulla&leo=sed&rhoncus=accumsan&sed=felis&vestibulum=ut&sit=at&amet=dolor&cursus=quis&id=odio&turpis=consequat&integer=varius&aliquet=integer&massa=ac&id=leo&lobortis=pellentesque&convallis=ultrices&tortor=mattis&risus=odio
12,14/06/2016,Glover-Hansen,Services,WebSphere MQ,Enterprise-wide executive circuit,http://dummyimage.com/400x600.png/cc0000/ffffff,https://amazon.com/et/tempus/semper/est/quam/pharetra.jsp?semper=lorem&rutrum=id&nulla=ligula&nunc=suspendisse&purus=ornare&phasellus=consequat&in=lectus&felis=in&donec=est&semper=risus&sapien=auctor&a=sed&libero=tristique&nam=in&dui=tempus&proin=sit&leo=amet&odio=sem&porttitor=fusce&id=consequat&consequat=nulla&in=nisl&consequat=nunc&ut=nisl&nulla=duis&sed=bibendum
13,18/04/2016,Funk-Kautzer,Accounting,Entrepreneurship,Universal client-server adapter,http://dummyimage.com/400x600.png/dddddd/000000,https://timesonline.co.uk/maecenas/ut/massa.jpg?sed=in&vestibulum=felis&sit=donec&amet=semper&cursus=sapien&id=a&turpis=libero&integer=nam&aliquet=dui&massa=proin&id=leo&lobortis=odio&convallis=porttitor&tortor=id&risus=consequat&dapibus=in&augue=consequat&vel=ut&accumsan=nulla&tellus=sed&nisi=accumsan&eu=felis&orci=ut&mauris=at&lacinia=dolor&sapien=quis&quis=odio&libero=consequat&nullam=varius&sit=integer&amet=ac&turpis=leo&elementum=pellentesque&ligula=ultrices&vehicula=mattis&consequat=odio&morbi=donec&a=vitae&ipsum=nisi&integer=nam&a=ultrices
14,30/11/2016,Kemmer LLC,Marketing,HNW,Open-architected interactive forecast,http://dummyimage.com/400x600.png/cc0000/ffffff,http://prnewswire.com/consequat/in/consequat/ut/nulla/sed.js?odio=risus&elementum=dapibus&eu=augue&interdum=vel&eu=accumsan&tincidunt=tellus&in=nisi&leo=eu&maecenas=orci&pulvinar=mauris&lobortis=lacinia&est=sapien&phasellus=quis&sit=libero&amet=nullam&erat=sit&nulla=amet&tempus=turpis&vivamus=elementum&in=ligula&felis=vehicula&eu=consequat&sapien=morbi&cursus=a&vestibulum=ipsum&proin=integer&eu=a&mi=nibh&nulla=in&ac=quis&enim=justo&in=maecenas&tempor=rhoncus&turpis=aliquam&nec=lacus&euismod=morbi&scelerisque=quis&quam=tortor&turpis=id&adipiscing=nulla&lorem=ultrices&vitae=aliquet&mattis=maecenas&nibh=leo&ligula=odio&nec=condimentum&sem=id&duis=luctus&aliquam=nec&convallis=molestie&nunc=sed&proin=justo&at=pellentesque&turpis=viverra&a=pede&pede=ac&posuere=diam&nonummy=cras&integer=pellentesque&non=volutpat&velit=dui&donec=maecenas&diam=tristique&neque=est&vestibulum=et&eget=tempus&vulputate=semper&ut=est&ultrices=quam&vel=pharetra&augue=magna&vestibulum=ac&ante=consequat&ipsum=metus&primis=sapien&in=ut&faucibus=nunc&orci=vestibulum&luctus=ante&et=ipsum&ultrices=primis&posuere=in&cubilia=faucibus&curae=orci&donec=luctus&pharetra=et&magna=ultrices&vestibulum=posuere&aliquet=cubilia&ultrices=curae&erat=mauris&tortor=viverra&sollicitudin=diam&mi=vitae&sit=quam&amet=suspendisse&lobortis=potenti&sapien=nullam&sapien=porttitor
15,06/10/2016,Roob-Flatley,Engineering,MIS,Monitored background solution,http://dummyimage.com/400x600.png/ff4444/ffffff,http://joomla.org/iaculis/diam/erat/fermentum/justo.jsp?morbi=quis&odio=lectus&odio=suspendisse&elementum=potenti&eu=in&interdum=eleifend&eu=quam&tincidunt=a&in=odio&leo=in&maecenas=hac&pulvinar=habitasse&lobortis=platea&est=dictumst&phasellus=maecenas&sit=ut&amet=massa&erat=quis&nulla=augue&tempus=luctus&vivamus=tincidunt&in=nulla&felis=mollis&eu=molestie&sapien=lorem&cursus=quisque&vestibulum=ut&proin=erat&eu=curabitur&mi=gravida&nulla=nisi&ac=at&enim=nibh&in=in&tempor=hac&turpis=habitasse&nec=platea&euismod=dictumst&scelerisque=aliquam&quam=augue&turpis=quam&adipiscing=sollicitudin&lorem=vitae&vitae=consectetuer&mattis=eget&nibh=rutrum&ligula=at&nec=lorem&sem=integer&duis=tincidunt&aliquam=ante&convallis=vel&nunc=ipsum&proin=praesent&at=blandit&turpis=lacinia&a=erat&pede=vestibulum
16,03/12/2016,Lemke Group,Human Resources,GSX,Universal multi-tasking knowledge base,http://dummyimage.com/400x600.png/cc0000/ffffff,http://latimes.com/dis/parturient/montes.html?proin=odio&at=elementum&turpis=eu&a=interdum&pede=eu&posuere=tincidunt&nonummy=in&integer=leo&non=maecenas&velit=pulvinar&donec=lobortis&diam=est&neque=phasellus&vestibulum=sit&eget=amet&vulputate=erat&ut=nulla&ultrices=tempus&vel=vivamus&augue=in&vestibulum=felis&ante=eu&ipsum=sapien&primis=cursus&in=vestibulum&faucibus=proin&orci=eu&luctus=mi&et=nulla&ultrices=ac&posuere=enim&cubilia=in&curae=tempor&donec=turpis&pharetra=nec&magna=euismod&vestibulum=scelerisque&aliquet=quam&ultrices=turpis&erat=adipiscing&tortor=lorem&sollicitudin=vitae&mi=mattis&sit=nibh&amet=ligula&lobortis=nec&sapien=sem&sapien=duis&non=aliquam&mi=convallis
17,30/04/2016,"Osinski, Greenfelder and Schneider",Engineering,EP,Inverse tangible migration,http://dummyimage.com/400x600.png/cc0000/ffffff,https://theglobeandmail.com/in/hac/habitasse/platea/dictumst/aliquam/augue.aspx?dui=sit&vel=amet&nisl=sem&duis=fusce&ac=consequat&nibh=nulla&fusce=nisl&lacus=nunc&purus=nisl&aliquet=duis&at=bibendum&feugiat=felis&non=sed&pretium=interdum&quis=venenatis&lectus=turpis&suspendisse=enim&potenti=blandit&in=mi&eleifend=in&quam=porttitor&a=pede&odio=justo&in=eu&hac=massa&habitasse=donec&platea=dapibus&dictumst=duis&maecenas=at&ut=velit&massa=eu&quis=est&augue=congue&luctus=elementum&tincidunt=in&nulla=hac&mollis=habitasse&molestie=platea&lorem=dictumst&quisque=morbi&ut=vestibulum&erat=velit&curabitur=id&gravida=pretium&nisi=iaculis&at=diam&nibh=erat&in=fermentum&hac=justo&habitasse=nec&platea=condimentum
18,17/02/2017,Davis LLC,Product Management,CMake,Robust clear-thinking instruction set,http://dummyimage.com/400x600.png/cc0000/ffffff,https://g.co/eu/sapien/cursus/vestibulum/proin/eu/mi.aspx?nibh=imperdiet&in=nullam&hac=orci&habitasse=pede&platea=venenatis&dictumst=non&aliquam=sodales&augue=sed&quam=tincidunt&sollicitudin=eu&vitae=felis&consectetuer=fusce&eget=posuere&rutrum=felis&at=sed&lorem=lacus&integer=morbi&tincidunt=sem&ante=mauris&vel=laoreet&ipsum=ut&praesent=rhoncus&blandit=aliquet&lacinia=pulvinar&erat=sed&vestibulum=nisl&sed=nunc&magna=rhoncus&at=dui&nunc=vel&commodo=sem&placerat=sed&praesent=sagittis&blandit=nam&nam=congue&nulla=risus&integer=semper&pede=porta&justo=volutpat&lacinia=quam&eget=pede&tincidunt=lobortis&eget=ligula&tempus=sit&vel=amet&pede=eleifend&morbi=pede&porttitor=libero&lorem=quis&id=orci&ligula=nullam&suspendisse=molestie&ornare=nibh&consequat=in&lectus=lectus&in=pellentesque&est=at&risus=nulla&auctor=suspendisse&sed=potenti&tristique=cras&in=in&tempus=purus&sit=eu&amet=magna&sem=vulputate&fusce=luctus&consequat=cum&nulla=sociis&nisl=natoque&nunc=penatibus&nisl=et&duis=magnis&bibendum=dis&felis=parturient&sed=montes&interdum=nascetur&venenatis=ridiculus&turpis=mus&enim=vivamus&blandit=vestibulum&mi=sagittis&in=sapien&porttitor=cum&pede=sociis&justo=natoque&eu=penatibus&massa=et&donec=magnis&dapibus=dis&duis=parturient&at=montes&velit=nascetur&eu=ridiculus&est=mus
19,14/07/2016,Rogahn-Gottlieb,Product Management,RCP,Streamlined uniform hierarchy,http://dummyimage.com/400x600.png/cc0000/ffffff,https://twitter.com/proin/interdum/mauris/non/ligula/pellentesque/ultrices.xml?morbi=morbi
20,30/03/2016,Funk LLC,Sales,Social Media Marketing,Managed explicit initiative,http://dummyimage.com/400x600.png/cc0000/ffffff,http://narod.ru/lobortis.jpg?lectus=risus&vestibulum=dapibus&quam=augue&sapien=vel&varius=accumsan&ut=tellus&blandit=nisi&non=eu&interdum=orci&in=mauris&ante=lacinia&vestibulum=sapien&ante=quis&ipsum=libero&primis=nullam&in=sit&faucibus=amet&orci=turpis&luctus=elementum&et=ligula&ultrices=vehicula&posuere=consequat&cubilia=morbi&curae=a&duis=ipsum&faucibus=integer&accumsan=a&odio=nibh&curabitur=in&convallis=quis&duis=justo&consequat=maecenas&dui=rhoncus&nec=aliquam&nisi=lacus&volutpat=morbi&eleifend=quis&donec=tortor&ut=id&dolor=nulla&morbi=ultrices&vel=aliquet&lectus=maecenas&in=leo&quam=odio&fringilla=condimentum&rhoncus=id&mauris=luctus&enim=nec&leo=molestie&rhoncus=sed&sed=justo&vestibulum=pellentesque&sit=viverra&amet=pede&cursus=ac&id=diam&turpis=cras&integer=pellentesque&aliquet=volutpat&massa=dui&id=maecenas
21,06/01/2017,"Haag, Lebsack and Kassulke",Sales,Compliance Oversight,Robust dynamic function,http://dummyimage.com/400x600.png/dddddd/000000,http://kickstarter.com/ultrices/erat.js?et=sit&ultrices=amet&posuere=sem&cubilia=fusce&curae=consequat&nulla=nulla&dapibus=nisl
22,14/07/2016,Toy Group,Sales,Kung Fu,Multi-lateral well-modulated complexity,http://dummyimage.com/400x600.png/cc0000/ffffff,http://cmu.edu/at/diam/nam/tristique/tortor/eu/pede.js?consequat=quis&dui=augue&nec=luctus&nisi=tincidunt&volutpat=nulla&eleifend=mollis&donec=molestie&ut=lorem&dolor=quisque&morbi=ut&vel=erat&lectus=curabitur&in=gravida&quam=nisi&fringilla=at&rhoncus=nibh&mauris=in&enim=hac&leo=habitasse&rhoncus=platea&sed=dictumst&vestibulum=aliquam&sit=augue&amet=quam&cursus=sollicitudin&id=vitae&turpis=consectetuer&integer=eget&aliquet=rutrum&massa=at&id=lorem&lobortis=integer&convallis=tincidunt&tortor=ante&risus=vel&dapibus=ipsum&augue=praesent&vel=blandit&accumsan=lacinia&tellus=erat&nisi=vestibulum&eu=sed&orci=magna&mauris=at&lacinia=nunc&sapien=commodo&quis=placerat&libero=praesent&nullam=blandit
23,29/09/2016,Altenwerth-Larkin,Human Resources,VRTX,Versatile upward-trending framework,http://dummyimage.com/400x600.png/cc0000/ffffff,http://mapquest.com/sit/amet/sem/fusce/consequat.jpg?id=dolor&ornare=sit&imperdiet=amet&sapien=consectetuer&urna=adipiscing&pretium=elit&nisl=proin&ut=risus&volutpat=praesent&sapien=lectus&arcu=vestibulum&sed=quam&augue=sapien&aliquam=varius&erat=ut&volutpat=blandit&in=non&congue=interdum&etiam=in&justo=ante&etiam=vestibulum&pretium=ante&iaculis=ipsum&justo=primis
24,15/10/2016,"Hegmann, Jacobson and Pfeffer",Product Management,Revenue Analysis,Multi-channelled modular methodology,http://dummyimage.com/400x600.png/cc0000/ffffff,http://youtu.be/convallis/morbi/odio/odio.jsp?phasellus=vestibulum&id=sit&sapien=amet&in=cursus&sapien=id&iaculis=turpis&congue=integer&vivamus=aliquet&metus=massa&arcu=id&adipiscing=lobortis&molestie=convallis&hendrerit=tortor&at=risus&vulputate=dapibus&vitae=augue&nisl=vel&aenean=accumsan&lectus=tellus&pellentesque=nisi&eget=eu&nunc=orci&donec=mauris&quis=lacinia&orci=sapien&eget=quis&orci=libero&vehicula=nullam&condimentum=sit&curabitur=amet&in=turpis&libero=elementum&ut=ligula&massa=vehicula&volutpat=consequat&convallis=morbi&morbi=a&odio=ipsum&odio=integer&elementum=a&eu=nibh&interdum=in&eu=quis&tincidunt=justo&in=maecenas&leo=rhoncus&maecenas=aliquam&pulvinar=lacus&lobortis=morbi&est=quis&phasellus=tortor&sit=id&amet=nulla&erat=ultrices&nulla=aliquet&tempus=maecenas&vivamus=leo&in=odio&felis=condimentum&eu=id&sapien=luctus&cursus=nec&vestibulum=molestie&proin=sed&eu=justo&mi=pellentesque&nulla=viverra&ac=pede&enim=ac&in=diam&tempor=cras&turpis=pellentesque&nec=volutpat&euismod=dui&scelerisque=maecenas&quam=tristique&turpis=est&adipiscing=et&lorem=tempus&vitae=semper&mattis=est&nibh=quam&ligula=pharetra&nec=magna&sem=ac&duis=consequat&aliquam=metus&convallis=sapien&nunc=ut&proin=nunc&at=vestibulum&turpis=ante&a=ipsum&pede=primis&posuere=in&nonummy=faucibus
25,31/03/2016,Schowalter-Marvin,Human Resources,NVH,Multi-channelled methodical algorithm,http://dummyimage.com/400x600.png/dddddd/000000,https://thetimes.co.uk/consectetuer/adipiscing/elit.xml?leo=orci&odio=nullam&condimentum=molestie&id=nibh&luctus=in&nec=lectus&molestie=pellentesque&sed=at&justo=nulla&pellentesque=suspendisse&viverra=potenti&pede=cras&ac=in&diam=purus&cras=eu&pellentesque=magna&volutpat=vulputate&dui=luctus&maecenas=cum&tristique=sociis&est=natoque&et=penatibus&tempus=et&semper=magnis&est=dis&quam=parturient&pharetra=montes&magna=nascetur&ac=ridiculus&consequat=mus&metus=vivamus&sapien=vestibulum&ut=sagittis&nunc=sapien&vestibulum=cum&ante=sociis&ipsum=natoque&primis=penatibus&in=et&faucibus=magnis&orci=dis&luctus=parturient&et=montes&ultrices=nascetur&posuere=ridiculus&cubilia=mus&curae=etiam&mauris=vel
26,14/07/2016,Pacocha-Mills,Marketing,FTP software,Multi-tiered zero defect standardization,http://dummyimage.com/400x600.png/5fa2dd/ffffff,http://hud.gov/maecenas/ut.png?viverra=varius&eget=nulla&congue=facilisi&eget=cras&semper=non&rutrum=velit&nulla=nec&nunc=nisi&purus=vulputate&phasellus=nonummy&in=maecenas&felis=tincidunt&donec=lacus&semper=at&sapien=velit&a=vivamus&libero=vel&nam=nulla&dui=eget&proin=eros&leo=elementum&odio=pellentesque&porttitor=quisque&id=porta&consequat=volutpat&in=erat&consequat=quisque&ut=erat&nulla=eros&sed=viverra&accumsan=eget&felis=congue&ut=eget&at=semper&dolor=rutrum&quis=nulla&odio=nunc&consequat=purus&varius=phasellus&integer=in&ac=felis&leo=donec&pellentesque=semper&ultrices=sapien&mattis=a&odio=libero&donec=nam&vitae=dui&nisi=proin&nam=leo&ultrices=odio&libero=porttitor&non=id&mattis=consequat&pulvinar=in&nulla=consequat&pede=ut&ullamcorper=nulla&augue=sed&a=accumsan&suscipit=felis&nulla=ut&elit=at&ac=dolor&nulla=quis&sed=odio&vel=consequat
27,31/12/2016,West-Sipes,Accounting,HIPAA,Implemented motivating moderator,http://dummyimage.com/400x600.png/5fa2dd/ffffff,http://imdb.com/metus/sapien/ut/nunc/vestibulum.jpg?id=vulputate&consequat=luctus&in=cum&consequat=sociis&ut=natoque&nulla=penatibus&sed=et&accumsan=magnis&felis=dis&ut=parturient&at=montes&dolor=nascetur&quis=ridiculus&odio=mus&consequat=vivamus&varius=vestibulum&integer=sagittis&ac=sapien&leo=cum&pellentesque=sociis&ultrices=natoque&mattis=penatibus&odio=et&donec=magnis&vitae=dis&nisi=parturient&nam=montes&ultrices=nascetur&libero=ridiculus&non=mus&mattis=etiam&pulvinar=vel&nulla=augue&pede=vestibulum&ullamcorper=rutrum&augue=rutrum&a=neque&suscipit=aenean&nulla=auctor&elit=gravida&ac=sem&nulla=praesent&sed=id&vel=massa&enim=id&sit=nisl&amet=venenatis&nunc=lacinia&viverra=aenean&dapibus=sit&nulla=amet&suscipit=justo&ligula=morbi&in=ut&lacus=odio&curabitur=cras&at=mi&ipsum=pede&ac=malesuada&tellus=in&semper=imperdiet&interdum=et&mauris=commodo&ullamcorper=vulputate&purus=justo&sit=in&amet=blandit&nulla=ultrices&quisque=enim&arcu=lorem&libero=ipsum&rutrum=dolor&ac=sit&lobortis=amet&vel=consectetuer&dapibus=adipiscing&at=elit&diam=proin&nam=interdum&tristique=mauris&tortor=non&eu=ligula&pede=pellentesque
28,27/02/2017,Boyer-VonRueden,Training,CDL Class B,Exclusive content-based middleware,http://dummyimage.com/400x600.png/dddddd/000000,http://123-reg.co.uk/nulla/eget/eros.jpg?eros=rutrum&elementum=ac&pellentesque=lobortis&quisque=vel&porta=dapibus&volutpat=at&erat=diam&quisque=nam
29,31/01/2017,Tremblay and Sons,Product Management,EGPRS,Visionary value-added installation,http://dummyimage.com/400x600.png/dddddd/000000,https://dailymail.co.uk/nullam/orci.js?magnis=lobortis&dis=est&parturient=phasellus&montes=sit&nascetur=amet&ridiculus=erat&mus=nulla&vivamus=tempus&vestibulum=vivamus&sagittis=in&sapien=felis&cum=eu&sociis=sapien&natoque=cursus&penatibus=vestibulum&et=proin&magnis=eu&dis=mi&parturient=nulla&montes=ac&nascetur=enim&ridiculus=in&mus=tempor&etiam=turpis&vel=nec&augue=euismod&vestibulum=scelerisque&rutrum=quam&rutrum=turpis&neque=adipiscing&aenean=lorem&auctor=vitae&gravida=mattis&sem=nibh&praesent=ligula&id=nec&massa=sem&id=duis&nisl=aliquam&venenatis=convallis&lacinia=nunc&aenean=proin&sit=at&amet=turpis&justo=a&morbi=pede&ut=posuere&odio=nonummy&cras=integer&mi=non&pede=velit&malesuada=donec&in=diam&imperdiet=neque&et=vestibulum&commodo=eget&vulputate=vulputate&justo=ut&in=ultrices&blandit=vel&ultrices=augue&enim=vestibulum&lorem=ante&ipsum=ipsum&dolor=primis&sit=in&amet=faucibus&consectetuer=orci&adipiscing=luctus&elit=et&proin=ultrices&interdum=posuere&mauris=cubilia&non=curae&ligula=donec&pellentesque=pharetra&ultrices=magna&phasellus=vestibulum&id=aliquet&sapien=ultrices&in=erat&sapien=tortor&iaculis=sollicitudin&congue=mi&vivamus=sit&metus=amet&arcu=lobortis&adipiscing=sapien
30,02/07/2016,Spencer Inc,Support,Young People,Focused maximized infrastructure,http://dummyimage.com/400x600.png/ff4444/ffffff,http://livejournal.com/ligula/suspendisse/ornare.json?sollicitudin=a&ut=libero&suscipit=nam&a=dui&feugiat=proin&et=leo&eros=odio&vestibulum=porttitor&ac=id&est=consequat&lacinia=in&nisi=consequat&venenatis=ut&tristique=nulla&fusce=sed&congue=accumsan&diam=felis&id=ut&ornare=at&imperdiet=dolor&sapien=quis&urna=odio&pretium=consequat&nisl=varius&ut=integer&volutpat=ac&sapien=leo&arcu=pellentesque&sed=ultrices&augue=mattis&aliquam=odio&erat=donec&volutpat=vitae&in=nisi&congue=nam&etiam=ultrices&justo=libero&etiam=non&pretium=mattis&iaculis=pulvinar&justo=nulla&in=pede&hac=ullamcorper&habitasse=augue&platea=a&dictumst=suscipit
31,22/09/2016,Shanahan Group,Business Development,Twitter API,Public-key next generation encoding,http://dummyimage.com/400x600.png/dddddd/000000,http://howstuffworks.com/amet/cursus/id/turpis/integer/aliquet/massa.aspx?blandit=lobortis&lacinia=convallis&erat=tortor&vestibulum=risus&sed=dapibus&magna=augue&at=vel&nunc=accumsan&commodo=tellus&placerat=nisi&praesent=eu&blandit=orci&nam=mauris&nulla=lacinia&integer=sapien&pede=quis&justo=libero&lacinia=nullam&eget=sit&tincidunt=amet&eget=turpis&tempus=elementum&vel=ligula&pede=vehicula&morbi=consequat&porttitor=morbi&lorem=a&id=ipsum&ligula=integer&suspendisse=a&ornare=nibh&consequat=in&lectus=quis&in=justo&est=maecenas&risus=rhoncus&auctor=aliquam&sed=lacus&tristique=morbi&in=quis&tempus=tortor&sit=id&amet=nulla&sem=ultrices&fusce=aliquet&consequat=maecenas&nulla=leo&nisl=odio&nunc=condimentum&nisl=id&duis=luctus&bibendum=nec&felis=molestie&sed=sed&interdum=justo&venenatis=pellentesque
32,31/12/2016,Hartmann-Bartoletti,Sales,Chemistry,Grass-roots reciprocal methodology,http://dummyimage.com/400x600.png/cc0000/ffffff,https://shop-pro.jp/non/ligula/pellentesque.json?aenean=lacus&fermentum=at&donec=velit&ut=vivamus&mauris=vel&eget=nulla&massa=eget&tempor=eros&convallis=elementum&nulla=pellentesque&neque=quisque&libero=porta&convallis=volutpat&eget=erat&eleifend=quisque&luctus=erat&ultricies=eros&eu=viverra&nibh=eget&quisque=congue&id=eget&justo=semper&sit=rutrum&amet=nulla&sapien=nunc&dignissim=purus&vestibulum=phasellus&vestibulum=in&ante=felis&ipsum=donec&primis=semper&in=sapien&faucibus=a&orci=libero&luctus=nam&et=dui&ultrices=proin&posuere=leo&cubilia=odio&curae=porttitor&nulla=id&dapibus=consequat&dolor=in&vel=consequat&est=ut&donec=nulla&odio=sed&justo=accumsan&sollicitudin=felis&ut=ut&suscipit=at&a=dolor&feugiat=quis&et=odio&eros=consequat&vestibulum=varius&ac=integer&est=ac&lacinia=leo&nisi=pellentesque&venenatis=ultrices&tristique=mattis&fusce=odio&congue=donec&diam=vitae&id=nisi&ornare=nam&imperdiet=ultrices&sapien=libero&urna=non&pretium=mattis&nisl=pulvinar&ut=nulla&volutpat=pede&sapien=ullamcorper&arcu=augue&sed=a&augue=suscipit&aliquam=nulla&erat=elit&volutpat=ac
33,05/08/2016,Jacobson-Hessel,Services,Management,Triple-buffered 3rd generation service-desk,http://dummyimage.com/400x600.png/ff4444/ffffff,https://fema.gov/ipsum/aliquam/non/mauris/morbi/non/lectus.jpg?non=massa&pretium=tempor&quis=convallis&lectus=nulla&suspendisse=neque&potenti=libero&in=convallis&eleifend=eget&quam=eleifend&a=luctus&odio=ultricies&in=eu&hac=nibh&habitasse=quisque&platea=id&dictumst=justo&maecenas=sit&ut=amet&massa=sapien&quis=dignissim&augue=vestibulum&luctus=vestibulum&tincidunt=ante&nulla=ipsum&mollis=primis&molestie=in&lorem=faucibus&quisque=orci&ut=luctus&erat=et&curabitur=ultrices&gravida=posuere&nisi=cubilia&at=curae&nibh=nulla&in=dapibus&hac=dolor&habitasse=vel&platea=est&dictumst=donec&aliquam=odio&augue=justo&quam=sollicitudin&sollicitudin=ut&vitae=suscipit&consectetuer=a&eget=feugiat&rutrum=et&at=eros&lorem=vestibulum&integer=ac&tincidunt=est&ante=lacinia&vel=nisi&ipsum=venenatis
34,20/03/2016,Nolan-Cronin,Research and Development,GCC,Secured 24 hour intranet,http://dummyimage.com/400x600.png/cc0000/ffffff,http://163.com/magna/ac/consequat/metus/sapien.html?eu=vestibulum&magna=quam&vulputate=sapien&luctus=varius&cum=ut&sociis=blandit&natoque=non&penatibus=interdum&et=in&magnis=ante&dis=vestibulum&parturient=ante&montes=ipsum&nascetur=primis&ridiculus=in&mus=faucibus&vivamus=orci&vestibulum=luctus&sagittis=et&sapien=ultrices&cum=posuere&sociis=cubilia&natoque=curae&penatibus=duis&et=faucibus&magnis=accumsan&dis=odio&parturient=curabitur&montes=convallis&nascetur=duis
35,04/01/2017,McKenzie Inc,Product Management,TMMi,Stand-alone dedicated methodology,http://dummyimage.com/400x600.png/dddddd/000000,https://nps.gov/eros.js?bibendum=est&morbi=et&non=tempus&quam=semper&nec=est&dui=quam&luctus=pharetra&rutrum=magna&nulla=ac&tellus=consequat&in=metus&sagittis=sapien&dui=ut&vel=nunc&nisl=vestibulum&duis=ante&ac=ipsum&nibh=primis&fusce=in&lacus=faucibus&purus=orci&aliquet=luctus&at=et&feugiat=ultrices&non=posuere&pretium=cubilia&quis=curae&lectus=mauris&suspendisse=viverra&potenti=diam&in=vitae&eleifend=quam&quam=suspendisse&a=potenti&odio=nullam&in=porttitor&hac=lacus&habitasse=at&platea=turpis&dictumst=donec&maecenas=posuere&ut=metus&massa=vitae&quis=ipsum&augue=aliquam&luctus=non&tincidunt=mauris&nulla=morbi&mollis=non&molestie=lectus&lorem=aliquam&quisque=sit&ut=amet&erat=diam&curabitur=in&gravida=magna&nisi=bibendum&at=imperdiet&nibh=nullam&in=orci&hac=pede&habitasse=venenatis&platea=non&dictumst=sodales&aliquam=sed&augue=tincidunt&quam=eu
36,04/07/2016,Runolfsson-Kling,Legal,DWDM,Monitored mission-critical support,http://dummyimage.com/400x600.png/ff4444/ffffff,http://si.edu/at/turpis/donec/posuere.png?blandit=mus&lacinia=vivamus&erat=vestibulum&vestibulum=sagittis&sed=sapien&magna=cum&at=sociis&nunc=natoque&commodo=penatibus&placerat=et&praesent=magnis&blandit=dis&nam=parturient&nulla=montes&integer=nascetur&pede=ridiculus&justo=mus&lacinia=etiam&eget=vel&tincidunt=augue&eget=vestibulum&tempus=rutrum&vel=rutrum&pede=neque&morbi=aenean&porttitor=auctor&lorem=gravida&id=sem&ligula=praesent&suspendisse=id&ornare=massa&consequat=id&lectus=nisl&in=venenatis&est=lacinia&risus=aenean&auctor=sit&sed=amet&tristique=justo&in=morbi&tempus=ut&sit=odio&amet=cras&sem=mi&fusce=pede&consequat=malesuada&nulla=in&nisl=imperdiet&nunc=et&nisl=commodo&duis=vulputate&bibendum=justo&felis=in&sed=blandit&interdum=ultrices&venenatis=enim&turpis=lorem&enim=ipsum&blandit=dolor&mi=sit&in=amet&porttitor=consectetuer&pede=adipiscing
37,01/05/2016,Keebler-Ebert,Services,SDSF,Programmable discrete methodology,http://dummyimage.com/400x600.png/cc0000/ffffff,http://topsy.com/nec/molestie.png?platea=commodo&dictumst=placerat&maecenas=praesent&ut=blandit&massa=nam&quis=nulla&augue=integer&luctus=pede&tincidunt=justo&nulla=lacinia&mollis=eget&molestie=tincidunt&lorem=eget&quisque=tempus&ut=vel
38,06/06/2016,"Rippin, Thompson and Keeling",Research and Development,Speech Writing,Vision-oriented demand-driven conglomeration,http://dummyimage.com/400x600.png/5fa2dd/ffffff,http://go.com/morbi/sem/mauris/laoreet.json?justo=eget&morbi=rutrum&ut=at&odio=lorem&cras=integer&mi=tincidunt&pede=ante&malesuada=vel&in=ipsum&imperdiet=praesent&et=blandit&commodo=lacinia&vulputate=erat&justo=vestibulum&in=sed&blandit=magna&ultrices=at&enim=nunc&lorem=commodo&ipsum=placerat&dolor=praesent&sit=blandit&amet=nam&consectetuer=nulla&adipiscing=integer&elit=pede&proin=justo&interdum=lacinia&mauris=eget&non=tincidunt&ligula=eget&pellentesque=tempus&ultrices=vel&phasellus=pede&id=morbi&sapien=porttitor&in=lorem&sapien=id&iaculis=ligula&congue=suspendisse&vivamus=ornare&metus=consequat&arcu=lectus&adipiscing=in&molestie=est&hendrerit=risus&at=auctor&vulputate=sed&vitae=tristique&nisl=in&aenean=tempus&lectus=sit&pellentesque=amet&eget=sem&nunc=fusce&donec=consequat&quis=nulla&orci=nisl&eget=nunc&orci=nisl&vehicula=duis&condimentum=bibendum&curabitur=felis&in=sed&libero=interdum&ut=venenatis&massa=turpis&volutpat=enim&convallis=blandit
39,31/10/2016,"Ondricka, Frami and Anderson",Human Resources,UMTS,Balanced secondary infrastructure,http://dummyimage.com/400x600.png/cc0000/ffffff,http://ibm.com/elementum/ligula/vehicula/consequat/morbi/a/ipsum.jsp?dictumst=est&aliquam=et&augue=tempus&quam=semper&sollicitudin=est&vitae=quam&consectetuer=pharetra&eget=magna&rutrum=ac&at=consequat&lorem=metus&integer=sapien&tincidunt=ut&ante=nunc&vel=vestibulum&ipsum=ante&praesent=ipsum&blandit=primis&lacinia=in&erat=faucibus&vestibulum=orci&sed=luctus&magna=et&at=ultrices&nunc=posuere&commodo=cubilia&placerat=curae&praesent=mauris&blandit=viverra&nam=diam&nulla=vitae&integer=quam&pede=suspendisse&justo=potenti&lacinia=nullam&eget=porttitor&tincidunt=lacus&eget=at&tempus=turpis&vel=donec&pede=posuere&morbi=metus&porttitor=vitae&lorem=ipsum&id=aliquam&ligula=non&suspendisse=mauris&ornare=morbi&consequat=non&lectus=lectus&in=aliquam&est=sit&risus=amet&auctor=diam&sed=in&tristique=magna&in=bibendum&tempus=imperdiet&sit=nullam&amet=orci&sem=pede&fusce=venenatis&consequat=non&nulla=sodales&nisl=sed&nunc=tincidunt&nisl=eu&duis=felis&bibendum=fusce&felis=posuere&sed=felis&interdum=sed&venenatis=lacus&turpis=morbi&enim=sem&blandit=mauris&mi=laoreet&in=ut&porttitor=rhoncus&pede=aliquet&justo=pulvinar&eu=sed&massa=nisl&donec=nunc&dapibus=rhoncus&duis=dui&at=vel&velit=sem&eu=sed&est=sagittis
40,19/08/2016,"Bailey, Zulauf and Wyman",Services,BTO,Assimilated user-facing database,http://dummyimage.com/400x600.png/ff4444/ffffff,https://cmu.edu/in/lectus/pellentesque/at/nulla.html?lacinia=morbi&nisi=vestibulum&venenatis=velit&tristique=id&fusce=pretium&congue=iaculis&diam=diam&id=erat&ornare=fermentum&imperdiet=justo&sapien=nec&urna=condimentum&pretium=neque&nisl=sapien&ut=placerat&volutpat=ante&sapien=nulla&arcu=justo&sed=aliquam&augue=quis&aliquam=turpis&erat=eget&volutpat=elit&in=sodales&congue=scelerisque&etiam=mauris&justo=sit&etiam=amet&pretium=eros&iaculis=suspendisse&justo=accumsan&in=tortor&hac=quis&habitasse=turpis&platea=sed&dictumst=ante&etiam=vivamus&faucibus=tortor&cursus=duis&urna=mattis&ut=egestas&tellus=metus&nulla=aenean&ut=fermentum&erat=donec&id=ut&mauris=mauris&vulputate=eget&elementum=massa&nullam=tempor&varius=convallis&nulla=nulla&facilisi=neque&cras=libero&non=convallis&velit=eget&nec=eleifend&nisi=luctus&vulputate=ultricies&nonummy=eu&maecenas=nibh&tincidunt=quisque
41,20/02/2017,"Spencer, Metz and Russel",Training,DVR,Total reciprocal budgetary management,http://dummyimage.com/400x600.png/cc0000/ffffff,https://google.co.jp/porttitor.json?adipiscing=massa&elit=id&proin=lobortis&risus=convallis&praesent=tortor&lectus=risus&vestibulum=dapibus&quam=augue&sapien=vel&varius=accumsan&ut=tellus&blandit=nisi&non=eu&interdum=orci&in=mauris&ante=lacinia&vestibulum=sapien&ante=quis&ipsum=libero&primis=nullam&in=sit&faucibus=amet&orci=turpis&luctus=elementum&et=ligula&ultrices=vehicula&posuere=consequat&cubilia=morbi&curae=a&duis=ipsum&faucibus=integer&accumsan=a&odio=nibh&curabitur=in&convallis=quis&duis=justo&consequat=maecenas&dui=rhoncus&nec=aliquam&nisi=lacus&volutpat=morbi&eleifend=quis&donec=tortor&ut=id&dolor=nulla&morbi=ultrices&vel=aliquet&lectus=maecenas&in=leo&quam=odio&fringilla=condimentum&rhoncus=id&mauris=luctus&enim=nec&leo=molestie&rhoncus=sed&sed=justo&vestibulum=pellentesque&sit=viverra&amet=pede&cursus=ac&id=diam&turpis=cras&integer=pellentesque&aliquet=volutpat&massa=dui&id=maecenas&lobortis=tristique&convallis=est&tortor=et&risus=tempus&dapibus=semper&augue=est
42,28/06/2016,"Runte, Cruickshank and Feeney",Support,MHP,Balanced cohesive productivity,http://dummyimage.com/400x600.png/5fa2dd/ffffff,http://yellowpages.com/mauris/viverra/diam/vitae.xml?in=habitasse&hac=platea&habitasse=dictumst&platea=morbi&dictumst=vestibulum&maecenas=velit&ut=id&massa=pretium&quis=iaculis&augue=diam&luctus=erat
43,26/01/2017,Christiansen-Bernier,Legal,Rent to Own,Object-based tangible help-desk,http://dummyimage.com/400x600.png/5fa2dd/ffffff,https://alibaba.com/vestibulum/sagittis/sapien/cum/sociis/natoque/penatibus.xml?orci=ipsum&pede=ac&venenatis=tellus&non=semper&sodales=interdum&sed=mauris&tincidunt=ullamcorper&eu=purus&felis=sit&fusce=amet&posuere=nulla&felis=quisque&sed=arcu&lacus=libero&morbi=rutrum&sem=ac&mauris=lobortis&laoreet=vel&ut=dapibus&rhoncus=at&aliquet=diam&pulvinar=nam&sed=tristique&nisl=tortor
44,15/11/2016,McGlynn Group,Support,SQL Server Management Studio,Fully-configurable executive intranet,http://dummyimage.com/400x600.png/5fa2dd/ffffff,https://so-net.ne.jp/vestibulum/quam/sapien/varius/ut.xml?sem=cras&fusce=mi&consequat=pede
45,02/10/2016,Ortiz-Auer,Business Development,Olfaction,Multi-layered contextually-based capacity,http://dummyimage.com/400x600.png/5fa2dd/ffffff,https://topsy.com/enim/in/tempor/turpis/nec/euismod/scelerisque.jsp?suspendisse=orci&potenti=luctus&cras=et&in=ultrices&purus=posuere&eu=cubilia&magna=curae&vulputate=duis&luctus=faucibus&cum=accumsan&sociis=odio&natoque=curabitur&penatibus=convallis&et=duis&magnis=consequat&dis=dui&parturient=nec&montes=nisi&nascetur=volutpat&ridiculus=eleifend&mus=donec&vivamus=ut&vestibulum=dolor&sagittis=morbi&sapien=vel&cum=lectus&sociis=in&natoque=quam&penatibus=fringilla&et=rhoncus&magnis=mauris&dis=enim&parturient=leo&montes=rhoncus&nascetur=sed&ridiculus=vestibulum&mus=sit&etiam=amet&vel=cursus&augue=id&vestibulum=turpis&rutrum=integer&rutrum=aliquet&neque=massa&aenean=id&auctor=lobortis&gravida=convallis&sem=tortor&praesent=risus&id=dapibus&massa=augue&id=vel&nisl=accumsan&venenatis=tellus&lacinia=nisi&aenean=eu&sit=orci&amet=mauris&justo=lacinia&morbi=sapien&ut=quis&odio=libero&cras=nullam&mi=sit&pede=amet&malesuada=turpis&in=elementum&imperdiet=ligula&et=vehicula&commodo=consequat&vulputate=morbi&justo=a&in=ipsum&blandit=integer&ultrices=a&enim=nibh&lorem=in&ipsum=quis&dolor=justo&sit=maecenas&amet=rhoncus&consectetuer=aliquam&adipiscing=lacus&elit=morbi&proin=quis&interdum=tortor&mauris=id&non=nulla&ligula=ultrices&pellentesque=aliquet&ultrices=maecenas
46,16/07/2016,Dibbert LLC,Support,RDP,Object-based radical neural-net,http://dummyimage.com/400x600.png/ff4444/ffffff,http://sakura.ne.jp/mauris.jpg?pede=tempus&lobortis=vivamus&ligula=in&sit=felis&amet=eu&eleifend=sapien&pede=cursus&libero=vestibulum&quis=proin&orci=eu&nullam=mi&molestie=nulla&nibh=ac&in=enim&lectus=in&pellentesque=tempor&at=turpis&nulla=nec&suspendisse=euismod&potenti=scelerisque&cras=quam&in=turpis&purus=adipiscing&eu=lorem&magna=vitae&vulputate=mattis&luctus=nibh&cum=ligula&sociis=nec&natoque=sem&penatibus=duis&et=aliquam&magnis=convallis&dis=nunc&parturient=proin&montes=at&nascetur=turpis&ridiculus=a&mus=pede&vivamus=posuere&vestibulum=nonummy&sagittis=integer&sapien=non&cum=velit&sociis=donec&natoque=diam&penatibus=neque&et=vestibulum&magnis=eget&dis=vulputate&parturient=ut&montes=ultrices&nascetur=vel&ridiculus=augue&mus=vestibulum&etiam=ante&vel=ipsum&augue=primis&vestibulum=in&rutrum=faucibus&rutrum=orci&neque=luctus&aenean=et&auctor=ultrices&gravida=posuere&sem=cubilia&praesent=curae&id=donec&massa=pharetra&id=magna&nisl=vestibulum&venenatis=aliquet&lacinia=ultrices&aenean=erat&sit=tortor&amet=sollicitudin&justo=mi&morbi=sit&ut=amet&odio=lobortis&cras=sapien&mi=sapien&pede=non&malesuada=mi&in=integer&imperdiet=ac&et=neque&commodo=duis&vulputate=bibendum&justo=morbi&in=non&blandit=quam&ultrices=nec&enim=dui&lorem=luctus
47,30/07/2016,"Sipes, Larkin and Farrell",Engineering,Term Life Insurance,Ameliorated composite strategy,http://dummyimage.com/400x600.png/cc0000/ffffff,https://nhs.uk/quisque/id/justo/sit.jpg?et=turpis&tempus=elementum&semper=ligula&est=vehicula&quam=consequat&pharetra=morbi&magna=a&ac=ipsum&consequat=integer&metus=a&sapien=nibh&ut=in&nunc=quis&vestibulum=justo&ante=maecenas&ipsum=rhoncus&primis=aliquam&in=lacus&faucibus=morbi&orci=quis&luctus=tortor&et=id&ultrices=nulla&posuere=ultrices&cubilia=aliquet&curae=maecenas&mauris=leo&viverra=odio&diam=condimentum&vitae=id&quam=luctus
48,11/01/2017,Lind Group,Legal,GMLAN,Polarised attitude-oriented intranet,http://dummyimage.com/400x600.png/5fa2dd/ffffff,https://nbcnews.com/platea/dictumst/etiam/faucibus.jsp?sapien=velit&sapien=eu&non=est&mi=congue&integer=elementum&ac=in&neque=hac&duis=habitasse&bibendum=platea&morbi=dictumst&non=morbi&quam=vestibulum&nec=velit&dui=id&luctus=pretium&rutrum=iaculis&nulla=diam&tellus=erat&in=fermentum&sagittis=justo&dui=nec&vel=condimentum&nisl=neque&duis=sapien&ac=placerat&nibh=ante&fusce=nulla&lacus=justo&purus=aliquam&aliquet=quis&at=turpis&feugiat=eget&non=elit&pretium=sodales&quis=scelerisque&lectus=mauris&suspendisse=sit&potenti=amet&in=eros
49,03/09/2016,Konopelski-Cormier,Training,eCTD,Stand-alone executive solution,http://dummyimage.com/400x600.png/5fa2dd/ffffff,http://thetimes.co.uk/in/lectus/pellentesque/at/nulla.png?consequat=sit&varius=amet&integer=turpis&ac=elementum&leo=ligula&pellentesque=vehicula&ultrices=consequat&mattis=morbi&odio=a&donec=ipsum&vitae=integer&nisi=a&nam=nibh
50,17/09/2016,"Hyatt, Feeney and Ernser",Legal,LWD,Programmable leading edge strategy,http://dummyimage.com/400x600.png/ff4444/ffffff,http://cam.ac.uk/lectus/pellentesque.jpg?suspendisse=aliquam&potenti=non&cras=mauris&in=morbi&purus=non&eu=lectus&magna=aliquam&vulputate=sit&luctus=amet&cum=diam&sociis=in&natoque=magna&penatibus=bibendum&et=imperdiet&magnis=nullam&dis=orci&parturient=pede&montes=venenatis&nascetur=non&ridiculus=sodales&mus=sed&vivamus=tincidunt&vestibulum=eu&sagittis=felis&sapien=fusce&cum=posuere&sociis=felis&natoque=sed&penatibus=lacus&et=morbi&magnis=sem&dis=mauris&parturient=laoreet&montes=ut&nascetur=rhoncus&ridiculus=aliquet&mus=pulvinar&etiam=sed&vel=nisl&augue=nunc&vestibulum=rhoncus&rutrum=dui&rutrum=vel&neque=sem&aenean=sed&auctor=sagittis&gravida=nam&sem=congue&praesent=risus&id=semper&massa=porta&id=volutpat&nisl=quam&venenatis=pede&lacinia=lobortis&aenean=ligula&sit=sit&amet=amet&justo=eleifend&morbi=pede&ut=libero&odio=quis&cras=orci&mi=nullam&pede=molestie&malesuada=nibh&in=in&imperdiet=lectus&et=pellentesque&commodo=at&vulputate=nulla
51,24/05/2016,Jacobson Inc,Human Resources,PPPoA,Phased clear-thinking monitoring,http://dummyimage.com/400x600.png/cc0000/ffffff,https://theatlantic.com/quis.jpg?vestibulum=vehicula&ante=consequat&ipsum=morbi&primis=a&in=ipsum&faucibus=integer&orci=a&luctus=nibh&et=in&ultrices=quis&posuere=justo&cubilia=maecenas&curae=rhoncus&nulla=aliquam&dapibus=lacus&dolor=morbi&vel=quis&est=tortor&donec=id&odio=nulla&justo=ultrices&sollicitudin=aliquet&ut=maecenas&suscipit=leo&a=odio&feugiat=condimentum&et=id&eros=luctus&vestibulum=nec&ac=molestie&est=sed&lacinia=justo&nisi=pellentesque&venenatis=viverra&tristique=pede&fusce=ac&congue=diam&diam=cras&id=pellentesque&ornare=volutpat&imperdiet=dui&sapien=maecenas&urna=tristique&pretium=est&nisl=et&ut=tempus&volutpat=semper&sapien=est&arcu=quam
52,26/04/2016,"Bruen, Moore and Hackett",Marketing,OMA,Multi-layered full-range matrices,http://dummyimage.com/400x600.png/ff4444/ffffff,https://godaddy.com/ligula/vehicula.js?ipsum=eu&praesent=tincidunt&blandit=in&lacinia=leo&erat=maecenas&vestibulum=pulvinar&sed=lobortis&magna=est&at=phasellus&nunc=sit&commodo=amet&placerat=erat&praesent=nulla&blandit=tempus&nam=vivamus&nulla=in&integer=felis&pede=eu&justo=sapien&lacinia=cursus&eget=vestibulum&tincidunt=proin&eget=eu&tempus=mi&vel=nulla&pede=ac&morbi=enim&porttitor=in&lorem=tempor&id=turpis&ligula=nec&suspendisse=euismod&ornare=scelerisque&consequat=quam&lectus=turpis&in=adipiscing&est=lorem&risus=vitae&auctor=mattis&sed=nibh&tristique=ligula&in=nec&tempus=sem&sit=duis&amet=aliquam&sem=convallis&fusce=nunc&consequat=proin&nulla=at&nisl=turpis&nunc=a&nisl=pede&duis=posuere&bibendum=nonummy&felis=integer&sed=non&interdum=velit&venenatis=donec&turpis=diam&enim=neque&blandit=vestibulum&mi=eget&in=vulputate&porttitor=ut&pede=ultrices&justo=vel&eu=augue&massa=vestibulum&donec=ante&dapibus=ipsum&duis=primis&at=in&velit=faucibus&eu=orci&est=luctus&congue=et&elementum=ultrices&in=posuere&hac=cubilia&habitasse=curae&platea=donec&dictumst=pharetra&morbi=magna&vestibulum=vestibulum&velit=aliquet&id=ultrices&pretium=erat&iaculis=tortor&diam=sollicitudin&erat=mi&fermentum=sit&justo=amet&nec=lobortis&condimentum=sapien&neque=sapien&sapien=non&placerat=mi&ante=integer&nulla=ac&justo=neque
53,12/12/2016,Willms and Sons,Marketing,HMC,Adaptive attitude-oriented success,http://dummyimage.com/400x600.png/ff4444/ffffff,http://guardian.co.uk/elementum/eu/interdum/eu/tincidunt.js?a=id&pede=ornare&posuere=imperdiet&nonummy=sapien&integer=urna&non=pretium&velit=nisl&donec=ut&diam=volutpat&neque=sapien&vestibulum=arcu&eget=sed&vulputate=augue&ut=aliquam&ultrices=erat&vel=volutpat&augue=in&vestibulum=congue&ante=etiam&ipsum=justo&primis=etiam&in=pretium&faucibus=iaculis&orci=justo&luctus=in&et=hac&ultrices=habitasse&posuere=platea&cubilia=dictumst&curae=etiam&donec=faucibus&pharetra=cursus&magna=urna&vestibulum=ut&aliquet=tellus&ultrices=nulla&erat=ut&tortor=erat&sollicitudin=id&mi=mauris&sit=vulputate&amet=elementum&lobortis=nullam&sapien=varius&sapien=nulla&non=facilisi&mi=cras&integer=non&ac=velit&neque=nec&duis=nisi&bibendum=vulputate&morbi=nonummy&non=maecenas&quam=tincidunt&nec=lacus&dui=at&luctus=velit&rutrum=vivamus&nulla=vel&tellus=nulla&in=eget
54,05/05/2016,Medhurst-Stamm,Research and Development,PSD,Seamless scalable initiative,http://dummyimage.com/400x600.png/ff4444/ffffff,https://hostgator.com/turpis/sed/ante/vivamus/tortor.html?sapien=sed&non=nisl&mi=nunc&integer=rhoncus&ac=dui&neque=vel&duis=sem&bibendum=sed&morbi=sagittis&non=nam&quam=congue&nec=risus&dui=semper&luctus=porta&rutrum=volutpat&nulla=quam&tellus=pede&in=lobortis&sagittis=ligula&dui=sit&vel=amet&nisl=eleifend&duis=pede&ac=libero&nibh=quis&fusce=orci&lacus=nullam&purus=molestie&aliquet=nibh&at=in&feugiat=lectus&non=pellentesque&pretium=at&quis=nulla&lectus=suspendisse&suspendisse=potenti&potenti=cras&in=in&eleifend=purus&quam=eu&a=magna&odio=vulputate&in=luctus&hac=cum&habitasse=sociis&platea=natoque&dictumst=penatibus&maecenas=et&ut=magnis&massa=dis&quis=parturient&augue=montes&luctus=nascetur&tincidunt=ridiculus&nulla=mus&mollis=vivamus&molestie=vestibulum&lorem=sagittis&quisque=sapien&ut=cum&erat=sociis&curabitur=natoque
55,17/06/2016,Cruickshank-Roob,Support,3Com NBX,Cross-group object-oriented system engine,http://dummyimage.com/400x600.png/cc0000/ffffff,https://buzzfeed.com/semper/est/quam/pharetra.html?eros=in&viverra=porttitor&eget=pede&congue=justo&eget=eu&semper=massa&rutrum=donec&nulla=dapibus&nunc=duis&purus=at&phasellus=velit&in=eu&felis=est&donec=congue&semper=elementum&sapien=in&a=hac&libero=habitasse&nam=platea&dui=dictumst&proin=morbi&leo=vestibulum&odio=velit&porttitor=id&id=pretium&consequat=iaculis&in=diam&consequat=erat
56,29/03/2016,Rice Group,Sales,Clinical Research,User-friendly value-added matrix,http://dummyimage.com/400x600.png/cc0000/ffffff,https://illinois.edu/at/lorem.js?ipsum=eget&dolor=congue&sit=eget&amet=semper&consectetuer=rutrum&adipiscing=nulla&elit=nunc&proin=purus&risus=phasellus&praesent=in&lectus=felis&vestibulum=donec&quam=semper&sapien=sapien&varius=a&ut=libero&blandit=nam&non=dui&interdum=proin&in=leo&ante=odio&vestibulum=porttitor&ante=id&ipsum=consequat&primis=in&in=consequat&faucibus=ut&orci=nulla&luctus=sed&et=accumsan&ultrices=felis&posuere=ut&cubilia=at&curae=dolor&duis=quis&faucibus=odio&accumsan=consequat&odio=varius&curabitur=integer&convallis=ac&duis=leo&consequat=pellentesque&dui=ultrices&nec=mattis&nisi=odio&volutpat=donec&eleifend=vitae&donec=nisi&ut=nam&dolor=ultrices&morbi=libero&vel=non&lectus=mattis&in=pulvinar&quam=nulla&fringilla=pede&rhoncus=ullamcorper&mauris=augue&enim=a&leo=suscipit&rhoncus=nulla&sed=elit&vestibulum=ac&sit=nulla&amet=sed&cursus=vel&id=enim&turpis=sit&integer=amet&aliquet=nunc&massa=viverra&id=dapibus&lobortis=nulla
57,02/11/2016,Kessler-Carroll,Human Resources,SharePoint,Front-line incremental alliance,http://dummyimage.com/400x600.png/ff4444/ffffff,http://ow.ly/volutpat/convallis/morbi.js?aliquam=cursus&non=vestibulum&mauris=proin&morbi=eu&non=mi&lectus=nulla&aliquam=ac&sit=enim&amet=in&diam=tempor&in=turpis&magna=nec&bibendum=euismod&imperdiet=scelerisque&nullam=quam
58,02/10/2016,Klein-Spinka,Accounting,Sustainability,Exclusive even-keeled encryption,http://dummyimage.com/400x600.png/5fa2dd/ffffff,http://last.fm/libero.html?eget=interdum&nunc=mauris&donec=non&quis=ligula&orci=pellentesque&eget=ultrices&orci=phasellus&vehicula=id&condimentum=sapien&curabitur=in&in=sapien&libero=iaculis&ut=congue&massa=vivamus&volutpat=metus&convallis=arcu&morbi=adipiscing&odio=molestie&odio=hendrerit&elementum=at&eu=vulputate&interdum=vitae&eu=nisl&tincidunt=aenean&in=lectus
59,28/08/2016,Mayert-Goyette,Product Management,Amadeus,Business-focused radical definition,http://dummyimage.com/400x600.png/cc0000/ffffff,https://princeton.edu/auctor/sed/tristique/in/tempus/sit/amet.png?elit=posuere&proin=felis&interdum=sed&mauris=lacus&non=morbi&ligula=sem&pellentesque=mauris&ultrices=laoreet&phasellus=ut&id=rhoncus&sapien=aliquet&in=pulvinar&sapien=sed&iaculis=nisl&congue=nunc&vivamus=rhoncus&metus=dui&arcu=vel&adipiscing=sem&molestie=sed&hendrerit=sagittis&at=nam&vulputate=congue&vitae=risus&nisl=semper&aenean=porta&lectus=volutpat&pellentesque=quam&eget=pede&nunc=lobortis&donec=ligula&quis=sit&orci=amet&eget=eleifend&orci=pede&vehicula=libero&condimentum=quis&curabitur=orci&in=nullam&libero=molestie&ut=nibh&massa=in&volutpat=lectus&convallis=pellentesque&morbi=at&odio=nulla&odio=suspendisse&elementum=potenti&eu=cras&interdum=in&eu=purus&tincidunt=eu&in=magna&leo=vulputate&maecenas=luctus&pulvinar=cum&lobortis=sociis&est=natoque&phasellus=penatibus&sit=et&amet=magnis&erat=dis&nulla=parturient&tempus=montes&vivamus=nascetur&in=ridiculus&felis=mus&eu=vivamus&sapien=vestibulum&cursus=sagittis&vestibulum=sapien&proin=cum&eu=sociis&mi=natoque&nulla=penatibus&ac=et&enim=magnis&in=dis&tempor=parturient&turpis=montes&nec=nascetur
60,17/06/2016,Fadel and Sons,Sales,WFS,Programmable tangible website,http://dummyimage.com/400x600.png/ff4444/ffffff,https://sun.com/et.png?congue=ante&eget=vivamus&semper=tortor&rutrum=duis&nulla=mattis&nunc=egestas&purus=metus&phasellus=aenean&in=fermentum&felis=donec&donec=ut&semper=mauris&sapien=eget&a=massa&libero=tempor&nam=convallis&dui=nulla
61,15/02/2017,Prosacco-Ziemann,Accounting,Eggplant,Persevering cohesive middleware,http://dummyimage.com/400x600.png/5fa2dd/ffffff,https://discovery.com/sapien/in/sapien/iaculis/congue.js?morbi=risus&sem=praesent&mauris=lectus&laoreet=vestibulum&ut=quam&rhoncus=sapien&aliquet=varius&pulvinar=ut&sed=blandit&nisl=non&nunc=interdum&rhoncus=in&dui=ante&vel=vestibulum&sem=ante&sed=ipsum&sagittis=primis&nam=in&congue=faucibus&risus=orci&semper=luctus&porta=et&volutpat=ultrices&quam=posuere&pede=cubilia&lobortis=curae&ligula=duis&sit=faucibus&amet=accumsan&eleifend=odio&pede=curabitur&libero=convallis&quis=duis&orci=consequat&nullam=dui&molestie=nec&nibh=nisi&in=volutpat&lectus=eleifend&pellentesque=donec&at=ut&nulla=dolor&suspendisse=morbi&potenti=vel&cras=lectus&in=in&purus=quam&eu=fringilla&magna=rhoncus&vulputate=mauris&luctus=enim&cum=leo&sociis=rhoncus&natoque=sed&penatibus=vestibulum&et=sit&magnis=amet&dis=cursus&parturient=id&montes=turpis&nascetur=integer&ridiculus=aliquet&mus=massa&vivamus=id&vestibulum=lobortis&sagittis=convallis&sapien=tortor&cum=risus&sociis=dapibus&natoque=augue&penatibus=vel&et=accumsan&magnis=tellus&dis=nisi
62,29/01/2017,Price-Kuvalis,Research and Development,NS-2,Cross-group systematic frame,http://dummyimage.com/400x600.png/cc0000/ffffff,http://blog.com/magnis/dis.png?auctor=congue&gravida=eget&sem=semper&praesent=rutrum&id=nulla&massa=nunc&id=purus&nisl=phasellus&venenatis=in&lacinia=felis&aenean=donec&sit=semper&amet=sapien&justo=a&morbi=libero&ut=nam&odio=dui&cras=proin&mi=leo&pede=odio&malesuada=porttitor&in=id&imperdiet=consequat&et=in&commodo=consequat&vulputate=ut&justo=nulla&in=sed&blandit=accumsan&ultrices=felis&enim=ut&lorem=at&ipsum=dolor&dolor=quis&sit=odio&amet=consequat&consectetuer=varius&adipiscing=integer&elit=ac&proin=leo&interdum=pellentesque&mauris=ultrices&non=mattis&ligula=odio&pellentesque=donec&ultrices=vitae&phasellus=nisi&id=nam&sapien=ultrices&in=libero&sapien=non&iaculis=mattis&congue=pulvinar&vivamus=nulla&metus=pede&arcu=ullamcorper&adipiscing=augue&molestie=a&hendrerit=suscipit&at=nulla&vulputate=elit&vitae=ac&nisl=nulla&aenean=sed&lectus=vel&pellentesque=enim&eget=sit&nunc=amet&donec=nunc&quis=viverra&orci=dapibus&eget=nulla&orci=suscipit&vehicula=ligula&condimentum=in&curabitur=lacus
63,21/12/2016,Dare and Sons,Sales,LLBLGen Pro,Upgradable intangible hierarchy,http://dummyimage.com/400x600.png/dddddd/000000,http://techcrunch.com/quisque/porta/volutpat/erat.png?sollicitudin=metus&ut=aenean&suscipit=fermentum&a=donec&feugiat=ut&et=mauris&eros=eget&vestibulum=massa&ac=tempor&est=convallis&lacinia=nulla&nisi=neque&venenatis=libero&tristique=convallis&fusce=eget&congue=eleifend&diam=luctus&id=ultricies&ornare=eu&imperdiet=nibh&sapien=quisque&urna=id&pretium=justo&nisl=sit&ut=amet&volutpat=sapien&sapien=dignissim&arcu=vestibulum&sed=vestibulum&augue=ante&aliquam=ipsum&erat=primis&volutpat=in&in=faucibus&congue=orci&etiam=luctus&justo=et&etiam=ultrices&pretium=posuere&iaculis=cubilia&justo=curae&in=nulla&hac=dapibus&habitasse=dolor&platea=vel&dictumst=est&etiam=donec&faucibus=odio&cursus=justo&urna=sollicitudin&ut=ut&tellus=suscipit&nulla=a&ut=feugiat
64,12/05/2016,Johnston-Crona,Human Resources,Jive,Up-sized contextually-based methodology,http://dummyimage.com/400x600.png/ff4444/ffffff,https://weebly.com/tortor/sollicitudin/mi.jsp?habitasse=et&platea=magnis&dictumst=dis&aliquam=parturient&augue=montes&quam=nascetur&sollicitudin=ridiculus&vitae=mus&consectetuer=etiam&eget=vel&rutrum=augue&at=vestibulum&lorem=rutrum&integer=rutrum&tincidunt=neque&ante=aenean&vel=auctor&ipsum=gravida&praesent=sem&blandit=praesent&lacinia=id&erat=massa&vestibulum=id&sed=nisl&magna=venenatis&at=lacinia&nunc=aenean&commodo=sit&placerat=amet&praesent=justo&blandit=morbi&nam=ut&nulla=odio&integer=cras&pede=mi&justo=pede&lacinia=malesuada&eget=in&tincidunt=imperdiet&eget=et&tempus=commodo&vel=vulputate&pede=justo&morbi=in&porttitor=blandit&lorem=ultrices&id=enim&ligula=lorem&suspendisse=ipsum&ornare=dolor&consequat=sit&lectus=amet&in=consectetuer&est=adipiscing&risus=elit&auctor=proin&sed=interdum&tristique=mauris&in=non&tempus=ligula&sit=pellentesque&amet=ultrices&sem=phasellus&fusce=id&consequat=sapien&nulla=in&nisl=sapien&nunc=iaculis&nisl=congue&duis=vivamus&bibendum=metus&felis=arcu&sed=adipiscing&interdum=molestie&venenatis=hendrerit&turpis=at&enim=vulputate&blandit=vitae&mi=nisl&in=aenean&porttitor=lectus&pede=pellentesque&justo=eget&eu=nunc
65,06/08/2016,Jenkins LLC,Accounting,Healthcare Consulting,Stand-alone upward-trending monitoring,http://dummyimage.com/400x600.png/cc0000/ffffff,http://elegantthemes.com/elementum/pellentesque/quisque/porta/volutpat/erat/quisque.xml?in=sed&est=nisl&risus=nunc&auctor=rhoncus&sed=dui&tristique=vel&in=sem&tempus=sed&sit=sagittis&amet=nam&sem=congue&fusce=risus&consequat=semper&nulla=porta&nisl=volutpat&nunc=quam&nisl=pede&duis=lobortis&bibendum=ligula&felis=sit&sed=amet&interdum=eleifend&venenatis=pede&turpis=libero&enim=quis&blandit=orci&mi=nullam&in=molestie&porttitor=nibh&pede=in&justo=lectus&eu=pellentesque&massa=at&donec=nulla&dapibus=suspendisse&duis=potenti&at=cras&velit=in&eu=purus&est=eu&congue=magna&elementum=vulputate&in=luctus&hac=cum&habitasse=sociis&platea=natoque&dictumst=penatibus&morbi=et&vestibulum=magnis&velit=dis&id=parturient&pretium=montes&iaculis=nascetur&diam=ridiculus&erat=mus&fermentum=vivamus&justo=vestibulum&nec=sagittis&condimentum=sapien&neque=cum&sapien=sociis&placerat=natoque&ante=penatibus&nulla=et&justo=magnis&aliquam=dis&quis=parturient&turpis=montes&eget=nascetur&elit=ridiculus&sodales=mus&scelerisque=etiam&mauris=vel&sit=augue&amet=vestibulum
66,12/03/2017,"Greenfelder, VonRueden and Kunze",Services,Ubercart,Multi-tiered regional portal,http://dummyimage.com/400x600.png/5fa2dd/ffffff,https://woothemes.com/at/vulputate/vitae.jpg?id=sed&justo=accumsan&sit=felis&amet=ut&sapien=at&dignissim=dolor&vestibulum=quis&vestibulum=odio&ante=consequat&ipsum=varius&primis=integer&in=ac&faucibus=leo&orci=pellentesque&luctus=ultrices&et=mattis&ultrices=odio&posuere=donec&cubilia=vitae&curae=nisi&nulla=nam&dapibus=ultrices&dolor=libero&vel=non&est=mattis&donec=pulvinar&odio=nulla&justo=pede&sollicitudin=ullamcorper&ut=augue&suscipit=a&a=suscipit&feugiat=nulla&et=elit&eros=ac&vestibulum=nulla&ac=sed&est=vel&lacinia=enim&nisi=sit&venenatis=amet&tristique=nunc&fusce=viverra&congue=dapibus&diam=nulla&id=suscipit&ornare=ligula&imperdiet=in&sapien=lacus&urna=curabitur&pretium=at&nisl=ipsum&ut=ac&volutpat=tellus&sapien=semper&arcu=interdum&sed=mauris&augue=ullamcorper&aliquam=purus&erat=sit&volutpat=amet&in=nulla&congue=quisque&etiam=arcu
67,30/06/2016,Quitzon Inc,Research and Development,Immunology,Balanced fresh-thinking definition,http://dummyimage.com/400x600.png/dddddd/000000,http://statcounter.com/at/vulputate/vitae/nisl/aenean/lectus.jpg?quam=malesuada&a=in&odio=imperdiet&in=et&hac=commodo&habitasse=vulputate&platea=justo&dictumst=in&maecenas=blandit&ut=ultrices&massa=enim&quis=lorem&augue=ipsum&luctus=dolor&tincidunt=sit&nulla=amet&mollis=consectetuer&molestie=adipiscing&lorem=elit&quisque=proin&ut=interdum&erat=mauris&curabitur=non&gravida=ligula&nisi=pellentesque&at=ultrices&nibh=phasellus&in=id&hac=sapien&habitasse=in&platea=sapien&dictumst=iaculis&aliquam=congue&augue=vivamus&quam=metus&sollicitudin=arcu&vitae=adipiscing&consectetuer=molestie&eget=hendrerit&rutrum=at&at=vulputate&lorem=vitae&integer=nisl&tincidunt=aenean&ante=lectus&vel=pellentesque&ipsum=eget&praesent=nunc&blandit=donec&lacinia=quis&erat=orci&vestibulum=eget&sed=orci&magna=vehicula&at=condimentum&nunc=curabitur&commodo=in&placerat=libero&praesent=ut&blandit=massa&nam=volutpat&nulla=convallis&integer=morbi&pede=odio
68,07/09/2016,Hermiston-Wilkinson,Product Management,Hoshin Kanri,Customer-focused next generation frame,http://dummyimage.com/400x600.png/5fa2dd/ffffff,http://51.la/massa/id/lobortis/convallis.xml?sodales=in&scelerisque=felis&mauris=eu&sit=sapien&amet=cursus&eros=vestibulum&suspendisse=proin&accumsan=eu&tortor=mi&quis=nulla&turpis=ac&sed=enim&ante=in&vivamus=tempor&tortor=turpis&duis=nec&mattis=euismod&egestas=scelerisque&metus=quam&aenean=turpis&fermentum=adipiscing&donec=lorem&ut=vitae&mauris=mattis&eget=nibh&massa=ligula&tempor=nec&convallis=sem&nulla=duis&neque=aliquam&libero=convallis&convallis=nunc&eget=proin&eleifend=at&luctus=turpis&ultricies=a&eu=pede&nibh=posuere&quisque=nonummy&id=integer&justo=non&sit=velit&amet=donec&sapien=diam&dignissim=neque&vestibulum=vestibulum&vestibulum=eget&ante=vulputate&ipsum=ut&primis=ultrices&in=vel&faucibus=augue&orci=vestibulum&luctus=ante&et=ipsum&ultrices=primis&posuere=in&cubilia=faucibus&curae=orci&nulla=luctus&dapibus=et&dolor=ultrices&vel=posuere&est=cubilia&donec=curae&odio=donec&justo=pharetra&sollicitudin=magna&ut=vestibulum&suscipit=aliquet&a=ultrices&feugiat=erat&et=tortor&eros=sollicitudin&vestibulum=mi&ac=sit&est=amet
69,11/07/2016,McDermott LLC,Services,RPM,User-centric motivating groupware,http://dummyimage.com/400x600.png/ff4444/ffffff,https://symantec.com/vestibulum/ac/est/lacinia.jpg?velit=sit&eu=amet&est=erat&congue=nulla&elementum=tempus&in=vivamus&hac=in&habitasse=felis&platea=eu&dictumst=sapien&morbi=cursus&vestibulum=vestibulum&velit=proin&id=eu&pretium=mi&iaculis=nulla&diam=ac&erat=enim&fermentum=in&justo=tempor&nec=turpis&condimentum=nec&neque=euismod&sapien=scelerisque&placerat=quam&ante=turpis&nulla=adipiscing&justo=lorem&aliquam=vitae&quis=mattis&turpis=nibh&eget=ligula&elit=nec&sodales=sem&scelerisque=duis
70,22/02/2017,Kuhic and Sons,Accounting,HR Management,Balanced grid-enabled forecast,http://dummyimage.com/400x600.png/ff4444/ffffff,http://psu.edu/praesent/lectus/vestibulum/quam/sapien.aspx?ante=sed
71,11/05/2016,Mann-Ebert,Accounting,Slate,Cross-platform reciprocal instruction set,http://dummyimage.com/400x600.png/dddddd/000000,http://cbsnews.com/integer/tincidunt/ante/vel/ipsum/praesent.jsp?sapien=sociis&non=natoque&mi=penatibus&integer=et&ac=magnis&neque=dis
72,02/07/2016,"Kub, Koelpin and Wolf",Accounting,BIM,Quality-focused radical application,http://dummyimage.com/400x600.png/dddddd/000000,http://narod.ru/justo/in/blandit/ultrices.png?orci=felis&pede=fusce&venenatis=posuere&non=felis&sodales=sed&sed=lacus&tincidunt=morbi&eu=sem&felis=mauris&fusce=laoreet&posuere=ut&felis=rhoncus&sed=aliquet&lacus=pulvinar&morbi=sed&sem=nisl&mauris=nunc&laoreet=rhoncus&ut=dui&rhoncus=vel&aliquet=sem&pulvinar=sed&sed=sagittis&nisl=nam&nunc=congue&rhoncus=risus&dui=semper&vel=porta&sem=volutpat&sed=quam&sagittis=pede&nam=lobortis&congue=ligula&risus=sit&semper=amet&porta=eleifend&volutpat=pede&quam=libero&pede=quis&lobortis=orci
73,07/12/2016,Schowalter-Schmidt,Services,DLS,Multi-lateral well-modulated challenge,http://dummyimage.com/400x600.png/dddddd/000000,http://ezinearticles.com/sollicitudin/mi.js?platea=in&dictumst=congue&etiam=etiam&faucibus=justo
74,09/11/2016,"Heaney, Greenholt and Boyer",Product Management,Procurement Outsourcing,Synchronised multi-state utilisation,http://dummyimage.com/400x600.png/cc0000/ffffff,http://answers.com/pellentesque/quisque/porta/volutpat.html?id=vestibulum&nisl=quam&venenatis=sapien&lacinia=varius&aenean=ut&sit=blandit&amet=non&justo=interdum&morbi=in&ut=ante&odio=vestibulum&cras=ante&mi=ipsum&pede=primis&malesuada=in&in=faucibus&imperdiet=orci&et=luctus&commodo=et&vulputate=ultrices&justo=posuere&in=cubilia&blandit=curae&ultrices=duis&enim=faucibus&lorem=accumsan&ipsum=odio&dolor=curabitur&sit=convallis&amet=duis&consectetuer=consequat&adipiscing=dui&elit=nec&proin=nisi&interdum=volutpat&mauris=eleifend&non=donec&ligula=ut&pellentesque=dolor
75,16/11/2016,"Kreiger, Bayer and Bahringer",Accounting,Pediatrics,Programmable 24/7 leverage,http://dummyimage.com/400x600.png/cc0000/ffffff,https://qq.com/praesent.jsp?integer=semper&non=sapien&velit=a&donec=libero&diam=nam&neque=dui&vestibulum=proin&eget=leo&vulputate=odio&ut=porttitor&ultrices=id&vel=consequat&augue=in&vestibulum=consequat&ante=ut&ipsum=nulla&primis=sed&in=accumsan&faucibus=felis&orci=ut&luctus=at&et=dolor&ultrices=quis&posuere=odio&cubilia=consequat&curae=varius&donec=integer&pharetra=ac&magna=leo&vestibulum=pellentesque&aliquet=ultrices&ultrices=mattis&erat=odio&tortor=donec&sollicitudin=vitae&mi=nisi&sit=nam&amet=ultrices&lobortis=libero&sapien=non&sapien=mattis&non=pulvinar&mi=nulla&integer=pede&ac=ullamcorper&neque=augue&duis=a&bibendum=suscipit&morbi=nulla&non=elit&quam=ac&nec=nulla&dui=sed&luctus=vel&rutrum=enim&nulla=sit&tellus=amet&in=nunc&sagittis=viverra&dui=dapibus&vel=nulla&nisl=suscipit
76,13/09/2016,Dooley-Block,Engineering,Organizational Effectiveness,User-friendly 5th generation definition,http://dummyimage.com/400x600.png/cc0000/ffffff,https://tripod.com/mauris/viverra/diam/vitae/quam/suspendisse.png?amet=mi&turpis=nulla&elementum=ac&ligula=enim&vehicula=in&consequat=tempor&morbi=turpis&a=nec&ipsum=euismod&integer=scelerisque&a=quam&nibh=turpis&in=adipiscing&quis=lorem&justo=vitae&maecenas=mattis&rhoncus=nibh&aliquam=ligula&lacus=nec&morbi=sem&quis=duis&tortor=aliquam&id=convallis&nulla=nunc&ultrices=proin&aliquet=at&maecenas=turpis&leo=a&odio=pede&condimentum=posuere&id=nonummy&luctus=integer&nec=non&molestie=velit&sed=donec&justo=diam&pellentesque=neque&viverra=vestibulum&pede=eget&ac=vulputate&diam=ut&cras=ultrices&pellentesque=vel&volutpat=augue
77,12/10/2016,"Johnson, Howe and Toy",Accounting,Veterinary Medicine,Enhanced impactful capability,http://dummyimage.com/400x600.png/5fa2dd/ffffff,http://bloomberg.com/molestie/lorem/quisque/ut/erat/curabitur/gravida.js?erat=faucibus&tortor=orci&sollicitudin=luctus&mi=et&sit=ultrices&amet=posuere&lobortis=cubilia&sapien=curae&sapien=duis&non=faucibus&mi=accumsan&integer=odio&ac=curabitur&neque=convallis&duis=duis&bibendum=consequat&morbi=dui&non=nec&quam=nisi&nec=volutpat&dui=eleifend&luctus=donec&rutrum=ut&nulla=dolor&tellus=morbi&in=vel&sagittis=lectus&dui=in&vel=quam&nisl=fringilla&duis=rhoncus&ac=mauris&nibh=enim&fusce=leo&lacus=rhoncus&purus=sed&aliquet=vestibulum&at=sit&feugiat=amet&non=cursus&pretium=id
78,30/05/2016,"Fisher, Flatley and Ratke",Product Management,Video Games,Diverse uniform strategy,http://dummyimage.com/400x600.png/dddddd/000000,http://economist.com/turpis/sed/ante/vivamus.jsp?sociis=aliquam&natoque=quis&penatibus=turpis&et=eget&magnis=elit&dis=sodales&parturient=scelerisque&montes=mauris&nascetur=sit&ridiculus=amet&mus=eros&etiam=suspendisse&vel=accumsan&augue=tortor&vestibulum=quis&rutrum=turpis&rutrum=sed&neque=ante&aenean=vivamus&auctor=tortor&gravida=duis&sem=mattis&praesent=egestas&id=metus&massa=aenean&id=fermentum&nisl=donec&venenatis=ut&lacinia=mauris&aenean=eget&sit=massa&amet=tempor&justo=convallis&morbi=nulla&ut=neque&odio=libero&cras=convallis&mi=eget&pede=eleifend&malesuada=luctus&in=ultricies&imperdiet=eu&et=nibh&commodo=quisque&vulputate=id
79,03/05/2016,"Mertz, McKenzie and Boyle",Product Management,GPS Navigation,Intuitive dynamic budgetary management,http://dummyimage.com/400x600.png/ff4444/ffffff,https://constantcontact.com/consequat.js?neque=cursus&vestibulum=vestibulum&eget=proin&vulputate=eu&ut=mi&ultrices=nulla&vel=ac&augue=enim&vestibulum=in&ante=tempor&ipsum=turpis&primis=nec&in=euismod&faucibus=scelerisque&orci=quam&luctus=turpis&et=adipiscing&ultrices=lorem&posuere=vitae&cubilia=mattis&curae=nibh&donec=ligula&pharetra=nec&magna=sem&vestibulum=duis&aliquet=aliquam&ultrices=convallis&erat=nunc&tortor=proin&sollicitudin=at&mi=turpis&sit=a&amet=pede&lobortis=posuere&sapien=nonummy&sapien=integer&non=non&mi=velit&integer=donec&ac=diam&neque=neque&duis=vestibulum&bibendum=eget&morbi=vulputate&non=ut&quam=ultrices&nec=vel&dui=augue&luctus=vestibulum&rutrum=ante&nulla=ipsum&tellus=primis&in=in&sagittis=faucibus&dui=orci&vel=luctus&nisl=et&duis=ultrices&ac=posuere&nibh=cubilia&fusce=curae&lacus=donec&purus=pharetra&aliquet=magna&at=vestibulum&feugiat=aliquet&non=ultrices&pretium=erat&quis=tortor&lectus=sollicitudin&suspendisse=mi&potenti=sit&in=amet&eleifend=lobortis&quam=sapien&a=sapien&odio=non&in=mi&hac=integer
80,06/06/2016,Gottlieb Group,Legal,Ion Exchange,Optimized 4th generation matrix,http://dummyimage.com/400x600.png/ff4444/ffffff,https://state.tx.us/lacus/at.jpg?tincidunt=morbi&in=a&leo=ipsum&maecenas=integer&pulvinar=a&lobortis=nibh&est=in&phasellus=quis&sit=justo&amet=maecenas&erat=rhoncus&nulla=aliquam&tempus=lacus&vivamus=morbi&in=quis&felis=tortor&eu=id&sapien=nulla&cursus=ultrices&vestibulum=aliquet&proin=maecenas&eu=leo&mi=odio&nulla=condimentum&ac=id&enim=luctus&in=nec&tempor=molestie&turpis=sed&nec=justo&euismod=pellentesque&scelerisque=viverra&quam=pede&turpis=ac&adipiscing=diam&lorem=cras&vitae=pellentesque&mattis=volutpat&nibh=dui&ligula=maecenas&nec=tristique&sem=est&duis=et&aliquam=tempus&convallis=semper&nunc=est&proin=quam&at=pharetra&turpis=magna&a=ac&pede=consequat&posuere=metus&nonummy=sapien&integer=ut&non=nunc&velit=vestibulum&donec=ante&diam=ipsum&neque=primis&vestibulum=in&eget=faucibus&vulputate=orci&ut=luctus&ultrices=et&vel=ultrices&augue=posuere&vestibulum=cubilia&ante=curae&ipsum=mauris&primis=viverra&in=diam&faucibus=vitae&orci=quam&luctus=suspendisse&et=potenti&ultrices=nullam&posuere=porttitor&cubilia=lacus&curae=at&donec=turpis&pharetra=donec&magna=posuere&vestibulum=metus&aliquet=vitae&ultrices=ipsum&erat=aliquam&tortor=non&sollicitudin=mauris&mi=morbi&sit=non&amet=lectus&lobortis=aliquam&sapien=sit&sapien=amet&non=diam&mi=in&integer=magna&ac=bibendum&neque=imperdiet
81,01/01/2017,"Bednar, Bins and Carroll",Research and Development,Cvent,Business-focused zero administration help-desk,http://dummyimage.com/400x600.png/5fa2dd/ffffff,http://de.vu/iaculis/diam/erat/fermentum.json?vestibulum=cras&proin=pellentesque&eu=volutpat&mi=dui&nulla=maecenas&ac=tristique&enim=est&in=et&tempor=tempus&turpis=semper&nec=est&euismod=quam&scelerisque=pharetra&quam=magna&turpis=ac&adipiscing=consequat&lorem=metus&vitae=sapien&mattis=ut&nibh=nunc&ligula=vestibulum&nec=ante&sem=ipsum&duis=primis&aliquam=in&convallis=faucibus&nunc=orci&proin=luctus&at=et&turpis=ultrices&a=posuere&pede=cubilia&posuere=curae&nonummy=mauris&integer=viverra&non=diam&velit=vitae&donec=quam&diam=suspendisse&neque=potenti&vestibulum=nullam&eget=porttitor&vulputate=lacus&ut=at&ultrices=turpis
82,28/03/2016,Runolfsdottir-Bogan,Sales,Software Testing Life Cycle,Ameliorated user-facing protocol,http://dummyimage.com/400x600.png/dddddd/000000,https://ehow.com/non/lectus.jsp?nibh=augue&in=vel&quis=accumsan&justo=tellus&maecenas=nisi&rhoncus=eu&aliquam=orci&lacus=mauris&morbi=lacinia&quis=sapien&tortor=quis&id=libero&nulla=nullam&ultrices=sit&aliquet=amet&maecenas=turpis&leo=elementum&odio=ligula&condimentum=vehicula&id=consequat&luctus=morbi&nec=a&molestie=ipsum&sed=integer&justo=a&pellentesque=nibh&viverra=in&pede=quis&ac=justo&diam=maecenas&cras=rhoncus&pellentesque=aliquam&volutpat=lacus&dui=morbi&maecenas=quis&tristique=tortor&est=id&et=nulla&tempus=ultrices&semper=aliquet&est=maecenas&quam=leo&pharetra=odio&magna=condimentum&ac=id&consequat=luctus&metus=nec&sapien=molestie&ut=sed&nunc=justo&vestibulum=pellentesque&ante=viverra&ipsum=pede&primis=ac&in=diam&faucibus=cras&orci=pellentesque&luctus=volutpat&et=dui
83,23/04/2016,"Walker, Walter and Wolf",Sales,Policy Writing,Implemented object-oriented interface,http://dummyimage.com/400x600.png/dddddd/000000,https://archive.org/odio/condimentum/id/luctus/nec.json?aliquet=rutrum&pulvinar=ac&sed=lobortis&nisl=vel&nunc=dapibus&rhoncus=at&dui=diam
84,26/02/2017,Bayer-Murphy,Sales,CTP,Inverse intermediate hardware,http://dummyimage.com/400x600.png/5fa2dd/ffffff,http://cdc.gov/bibendum.jsp?elementum=mauris&eu=non&interdum=ligula&eu=pellentesque&tincidunt=ultrices&in=phasellus&leo=id&maecenas=sapien&pulvinar=in&lobortis=sapien&est=iaculis&phasellus=congue&sit=vivamus&amet=metus&erat=arcu&nulla=adipiscing&tempus=molestie&vivamus=hendrerit&in=at&felis=vulputate&eu=vitae&sapien=nisl&cursus=aenean&vestibulum=lectus&proin=pellentesque&eu=eget&mi=nunc&nulla=donec&ac=quis&enim=orci&in=eget&tempor=orci&turpis=vehicula&nec=condimentum&euismod=curabitur&scelerisque=in&quam=libero&turpis=ut&adipiscing=massa&lorem=volutpat&vitae=convallis&mattis=morbi&nibh=odio&ligula=odio&nec=elementum
85,11/06/2016,"Reichert, Wolff and Mosciski",Product Management,UAT Coordination,Balanced intangible collaboration,http://dummyimage.com/400x600.png/5fa2dd/ffffff,https://gmpg.org/curae/nulla/dapibus/dolor/vel/est/donec.js?turpis=sapien&enim=urna&blandit=pretium&mi=nisl&in=ut&porttitor=volutpat&pede=sapien&justo=arcu&eu=sed&massa=augue&donec=aliquam&dapibus=erat&duis=volutpat&at=in&velit=congue&eu=etiam&est=justo&congue=etiam&elementum=pretium&in=iaculis&hac=justo&habitasse=in&platea=hac&dictumst=habitasse&morbi=platea&vestibulum=dictumst&velit=etiam&id=faucibus&pretium=cursus&iaculis=urna&diam=ut&erat=tellus&fermentum=nulla&justo=ut&nec=erat&condimentum=id&neque=mauris&sapien=vulputate&placerat=elementum&ante=nullam&nulla=varius&justo=nulla&aliquam=facilisi&quis=cras&turpis=non&eget=velit&elit=nec&sodales=nisi
86,10/11/2016,Christiansen-Gusikowski,Engineering,MPBN,Face to face object-oriented solution,http://dummyimage.com/400x600.png/cc0000/ffffff,http://patch.com/scelerisque/quam/turpis/adipiscing.xml?pellentesque=nibh&at=in&nulla=quis&suspendisse=justo&potenti=maecenas&cras=rhoncus&in=aliquam&purus=lacus&eu=morbi&magna=quis&vulputate=tortor&luctus=id&cum=nulla&sociis=ultrices&natoque=aliquet&penatibus=maecenas&et=leo&magnis=odio&dis=condimentum&parturient=id&montes=luctus&nascetur=nec&ridiculus=molestie&mus=sed&vivamus=justo&vestibulum=pellentesque&sagittis=viverra&sapien=pede&cum=ac&sociis=diam&natoque=cras&penatibus=pellentesque&et=volutpat&magnis=dui&dis=maecenas&parturient=tristique&montes=est&nascetur=et&ridiculus=tempus&mus=semper&etiam=est&vel=quam&augue=pharetra&vestibulum=magna&rutrum=ac&rutrum=consequat&neque=metus&aenean=sapien&auctor=ut&gravida=nunc&sem=vestibulum&praesent=ante&id=ipsum
87,19/06/2016,"Tillman, Hansen and Upton",Product Management,Railway,Public-key methodical productivity,http://dummyimage.com/400x600.png/ff4444/ffffff,http://vk.com/massa/volutpat/convallis/morbi/odio/odio/elementum.js?lorem=curae&id=donec&ligula=pharetra&suspendisse=magna&ornare=vestibulum&consequat=aliquet&lectus=ultrices&in=erat&est=tortor&risus=sollicitudin&auctor=mi&sed=sit&tristique=amet&in=lobortis&tempus=sapien&sit=sapien&amet=non&sem=mi&fusce=integer&consequat=ac&nulla=neque&nisl=duis&nunc=bibendum&nisl=morbi&duis=non&bibendum=quam&felis=nec&sed=dui&interdum=luctus&venenatis=rutrum
88,06/11/2016,Barton LLC,Services,MPR,Open-architected content-based core,http://dummyimage.com/400x600.png/dddddd/000000,https://soup.io/justo.jpg?felis=eu&sed=orci&interdum=mauris&venenatis=lacinia&turpis=sapien&enim=quis&blandit=libero&mi=nullam&in=sit&porttitor=amet&pede=turpis&justo=elementum&eu=ligula&massa=vehicula&donec=consequat&dapibus=morbi&duis=a&at=ipsum&velit=integer&eu=a&est=nibh&congue=in&elementum=quis&in=justo&hac=maecenas&habitasse=rhoncus&platea=aliquam&dictumst=lacus&morbi=morbi&vestibulum=quis&velit=tortor&id=id&pretium=nulla&iaculis=ultrices&diam=aliquet&erat=maecenas&fermentum=leo&justo=odio&nec=condimentum&condimentum=id&neque=luctus&sapien=nec&placerat=molestie&ante=sed&nulla=justo&justo=pellentesque&aliquam=viverra&quis=pede&turpis=ac&eget=diam&elit=cras&sodales=pellentesque&scelerisque=volutpat&mauris=dui&sit=maecenas&amet=tristique&eros=est&suspendisse=et&accumsan=tempus&tortor=semper&quis=est&turpis=quam&sed=pharetra&ante=magna&vivamus=ac&tortor=consequat&duis=metus&mattis=sapien&egestas=ut&metus=nunc&aenean=vestibulum&fermentum=ante&donec=ipsum&ut=primis&mauris=in&eget=faucibus&massa=orci&tempor=luctus&convallis=et&nulla=ultrices&neque=posuere&libero=cubilia&convallis=curae
89,22/12/2016,Sipes-Beatty,Accounting,QC Tools,Future-proofed actuating protocol,http://dummyimage.com/400x600.png/5fa2dd/ffffff,http://studiopress.com/enim/in/tempor/turpis/nec.aspx?tristique=sit&est=amet&et=diam&tempus=in&semper=magna&est=bibendum&quam=imperdiet&pharetra=nullam&magna=orci&ac=pede&consequat=venenatis&metus=non&sapien=sodales&ut=sed&nunc=tincidunt&vestibulum=eu&ante=felis&ipsum=fusce&primis=posuere&in=felis&faucibus=sed&orci=lacus&luctus=morbi&et=sem&ultrices=mauris&posuere=laoreet&cubilia=ut&curae=rhoncus&mauris=aliquet&viverra=pulvinar&diam=sed&vitae=nisl&quam=nunc&suspendisse=rhoncus&potenti=dui&nullam=vel&porttitor=sem&lacus=sed&at=sagittis&turpis=nam&donec=congue&posuere=risus&metus=semper&vitae=porta&ipsum=volutpat&aliquam=quam&non=pede&mauris=lobortis&morbi=ligula&non=sit&lectus=amet&aliquam=eleifend&sit=pede&amet=libero&diam=quis&in=orci&magna=nullam&bibendum=molestie&imperdiet=nibh&nullam=in&orci=lectus&pede=pellentesque&venenatis=at
90,10/06/2016,"Dietrich, Lakin and Kozey",Services,Grief Counseling,Intuitive homogeneous hub,http://dummyimage.com/400x600.png/5fa2dd/ffffff,https://alexa.com/fermentum/donec/ut.json?id=sit&luctus=amet&nec=erat&molestie=nulla&sed=tempus&justo=vivamus&pellentesque=in&viverra=felis&pede=eu&ac=sapien&diam=cursus&cras=vestibulum&pellentesque=proin&volutpat=eu&dui=mi&maecenas=nulla&tristique=ac&est=enim&et=in&tempus=tempor&semper=turpis&est=nec&quam=euismod&pharetra=scelerisque&magna=quam&ac=turpis&consequat=adipiscing&metus=lorem&sapien=vitae&ut=mattis&nunc=nibh&vestibulum=ligula&ante=nec&ipsum=sem&primis=duis&in=aliquam&faucibus=convallis&orci=nunc&luctus=proin&et=at&ultrices=turpis
91,09/08/2016,Wyman-Emmerich,Training,Novels,Business-focused human-resource superstructure,http://dummyimage.com/400x600.png/ff4444/ffffff,https://yale.edu/luctus/tincidunt/nulla/mollis/molestie.js?ornare=eget&imperdiet=rutrum&sapien=at&urna=lorem&pretium=integer&nisl=tincidunt&ut=ante&volutpat=vel&sapien=ipsum&arcu=praesent&sed=blandit&augue=lacinia&aliquam=erat&erat=vestibulum&volutpat=sed&in=magna&congue=at&etiam=nunc&justo=commodo&etiam=placerat&pretium=praesent&iaculis=blandit&justo=nam&in=nulla&hac=integer&habitasse=pede&platea=justo&dictumst=lacinia&etiam=eget&faucibus=tincidunt&cursus=eget&urna=tempus&ut=vel&tellus=pede&nulla=morbi&ut=porttitor&erat=lorem&id=id&mauris=ligula&vulputate=suspendisse&elementum=ornare&nullam=consequat&varius=lectus&nulla=in&facilisi=est&cras=risus&non=auctor&velit=sed&nec=tristique&nisi=in&vulputate=tempus&nonummy=sit&maecenas=amet&tincidunt=sem&lacus=fusce&at=consequat&velit=nulla&vivamus=nisl&vel=nunc&nulla=nisl&eget=duis&eros=bibendum
92,30/12/2016,"Rath, Oberbrunner and Watsica",Sales,DNS,Progressive demand-driven approach,http://dummyimage.com/400x600.png/dddddd/000000,https://apache.org/nascetur/ridiculus/mus/vivamus/vestibulum.png?luctus=ut&rutrum=erat&nulla=id&tellus=mauris&in=vulputate&sagittis=elementum&dui=nullam&vel=varius&nisl=nulla&duis=facilisi&ac=cras&nibh=non&fusce=velit&lacus=nec&purus=nisi&aliquet=vulputate&at=nonummy&feugiat=maecenas&non=tincidunt&pretium=lacus&quis=at&lectus=velit&suspendisse=vivamus&potenti=vel&in=nulla&eleifend=eget&quam=eros&a=elementum&odio=pellentesque&in=quisque&hac=porta&habitasse=volutpat&platea=erat&dictumst=quisque&maecenas=erat&ut=eros&massa=viverra&quis=eget&augue=congue&luctus=eget&tincidunt=semper&nulla=rutrum&mollis=nulla&molestie=nunc&lorem=purus&quisque=phasellus
93,23/05/2016,Zieme-Nader,Legal,NHPA,De-engineered contextually-based project,http://dummyimage.com/400x600.png/5fa2dd/ffffff,https://businessinsider.com/ligula/in/lacus/curabitur/at/ipsum.aspx?amet=ultrices&sapien=posuere&dignissim=cubilia&vestibulum=curae&vestibulum=mauris&ante=viverra&ipsum=diam&primis=vitae&in=quam&faucibus=suspendisse&orci=potenti&luctus=nullam&et=porttitor&ultrices=lacus&posuere=at&cubilia=turpis&curae=donec&nulla=posuere&dapibus=metus&dolor=vitae&vel=ipsum&est=aliquam&donec=non&odio=mauris&justo=morbi&sollicitudin=non&ut=lectus&suscipit=aliquam&a=sit&feugiat=amet&et=diam&eros=in&vestibulum=magna&ac=bibendum&est=imperdiet&lacinia=nullam&nisi=orci&venenatis=pede&tristique=venenatis&fusce=non&congue=sodales&diam=sed&id=tincidunt&ornare=eu&imperdiet=felis&sapien=fusce&urna=posuere&pretium=felis&nisl=sed&ut=lacus&volutpat=morbi&sapien=sem&arcu=mauris&sed=laoreet&augue=ut&aliquam=rhoncus&erat=aliquet&volutpat=pulvinar&in=sed&congue=nisl&etiam=nunc
94,22/10/2016,Glover-Leannon,Support,ADP HRB,Face to face value-added intranet,http://dummyimage.com/400x600.png/ff4444/ffffff,https://people.com.cn/ultrices/phasellus/id/sapien.png?et=dolor&ultrices=morbi&posuere=vel&cubilia=lectus&curae=in&nulla=quam&dapibus=fringilla&dolor=rhoncus&vel=mauris&est=enim&donec=leo&odio=rhoncus&justo=sed&sollicitudin=vestibulum&ut=sit&suscipit=amet&a=cursus&feugiat=id&et=turpis&eros=integer&vestibulum=aliquet&ac=massa&est=id&lacinia=lobortis&nisi=convallis&venenatis=tortor&tristique=risus&fusce=dapibus&congue=augue&diam=vel&id=accumsan&ornare=tellus&imperdiet=nisi&sapien=eu&urna=orci&pretium=mauris&nisl=lacinia&ut=sapien&volutpat=quis&sapien=libero&arcu=nullam&sed=sit&augue=amet&aliquam=turpis&erat=elementum&volutpat=ligula&in=vehicula&congue=consequat&etiam=morbi&justo=a&etiam=ipsum&pretium=integer&iaculis=a&justo=nibh&in=in&hac=quis&habitasse=justo&platea=maecenas&dictumst=rhoncus&etiam=aliquam&faucibus=lacus&cursus=morbi&urna=quis&ut=tortor&tellus=id&nulla=nulla&ut=ultrices&erat=aliquet&id=maecenas&mauris=leo&vulputate=odio&elementum=condimentum&nullam=id&varius=luctus&nulla=nec&facilisi=molestie&cras=sed&non=justo&velit=pellentesque&nec=viverra&nisi=pede&vulputate=ac&nonummy=diam&maecenas=cras&tincidunt=pellentesque
95,29/07/2016,"Hand, Hammes and Dickinson",Legal,XPDL,Robust client-server collaboration,http://dummyimage.com/400x600.png/ff4444/ffffff,https://illinois.edu/consectetuer/eget/rutrum/at/lorem.jsp?purus=nonummy&eu=maecenas&magna=tincidunt&vulputate=lacus&luctus=at
96,29/09/2016,Bode-Schiller,Training,Fly Tying,Fundamental 24 hour intranet,http://dummyimage.com/400x600.png/cc0000/ffffff,http://stumbleupon.com/tempus.jsp?sed=commodo&interdum=placerat&venenatis=praesent&turpis=blandit&enim=nam&blandit=nulla&mi=integer&in=pede&porttitor=justo&pede=lacinia&justo=eget&eu=tincidunt&massa=eget&donec=tempus&dapibus=vel&duis=pede&at=morbi&velit=porttitor&eu=lorem&est=id&congue=ligula&elementum=suspendisse&in=ornare&hac=consequat&habitasse=lectus&platea=in&dictumst=est&morbi=risus&vestibulum=auctor&velit=sed&id=tristique&pretium=in&iaculis=tempus&diam=sit&erat=amet&fermentum=sem&justo=fusce&nec=consequat&condimentum=nulla&neque=nisl&sapien=nunc&placerat=nisl&ante=duis&nulla=bibendum&justo=felis&aliquam=sed&quis=interdum&turpis=venenatis&eget=turpis&elit=enim&sodales=blandit&scelerisque=mi&mauris=in&sit=porttitor&amet=pede&eros=justo&suspendisse=eu&accumsan=massa&tortor=donec&quis=dapibus&turpis=duis&sed=at&ante=velit&vivamus=eu&tortor=est&duis=congue&mattis=elementum&egestas=in&metus=hac&aenean=habitasse&fermentum=platea&donec=dictumst&ut=morbi&mauris=vestibulum&eget=velit&massa=id&tempor=pretium&convallis=iaculis&nulla=diam&neque=erat&libero=fermentum&convallis=justo&eget=nec&eleifend=condimentum&luctus=neque&ultricies=sapien&eu=placerat&nibh=ante&quisque=nulla&id=justo&justo=aliquam&sit=quis&amet=turpis&sapien=eget&dignissim=elit
97,03/11/2016,Ward-Fisher,Product Management,NATO,Re-contextualized user-facing hardware,http://dummyimage.com/400x600.png/cc0000/ffffff,http://simplemachines.org/nullam/orci/pede/venenatis.jpg?libero=augue&ut=vestibulum&massa=rutrum&volutpat=rutrum&convallis=neque&morbi=aenean&odio=auctor&odio=gravida&elementum=sem&eu=praesent&interdum=id&eu=massa&tincidunt=id&in=nisl&leo=venenatis&maecenas=lacinia&pulvinar=aenean&lobortis=sit&est=amet&phasellus=justo&sit=morbi&amet=ut&erat=odio&nulla=cras&tempus=mi&vivamus=pede&in=malesuada&felis=in&eu=imperdiet&sapien=et&cursus=commodo&vestibulum=vulputate&proin=justo&eu=in&mi=blandit&nulla=ultrices&ac=enim&enim=lorem
98,16/06/2016,"Haley, Stark and Moore",Support,IOSH,Stand-alone intangible portal,http://dummyimage.com/400x600.png/5fa2dd/ffffff,https://timesonline.co.uk/pede/ac/diam/cras/pellentesque.jpg?odio=curabitur&cras=in&mi=libero&pede=ut&malesuada=massa&in=volutpat&imperdiet=convallis&et=morbi&commodo=odio&vulputate=odio&justo=elementum&in=eu&blandit=interdum&ultrices=eu&enim=tincidunt&lorem=in&ipsum=leo&dolor=maecenas&sit=pulvinar&amet=lobortis&consectetuer=est&adipiscing=phasellus&elit=sit&proin=amet&interdum=erat&mauris=nulla&non=tempus&ligula=vivamus&pellentesque=in&ultrices=felis&phasellus=eu&id=sapien&sapien=cursus&in=vestibulum&sapien=proin&iaculis=eu&congue=mi&vivamus=nulla&metus=ac&arcu=enim&adipiscing=in&molestie=tempor&hendrerit=turpis&at=nec&vulputate=euismod&vitae=scelerisque&nisl=quam&aenean=turpis&lectus=adipiscing&pellentesque=lorem&eget=vitae&nunc=mattis&donec=nibh&quis=ligula&orci=nec&eget=sem&orci=duis
99,31/08/2016,"Anderson, Bergnaum and Jenkins",Training,Gift Cards,Enterprise-wide upward-trending implementation,http://dummyimage.com/400x600.png/ff4444/ffffff,https://artisteer.com/consequat/varius.xml?in=eu&tempor=felis&turpis=fusce&nec=posuere&euismod=felis&scelerisque=sed&quam=lacus&turpis=morbi&adipiscing=sem&lorem=mauris&vitae=laoreet&mattis=ut&nibh=rhoncus&ligula=aliquet&nec=pulvinar&sem=sed&duis=nisl&aliquam=nunc&convallis=rhoncus&nunc=dui&proin=vel&at=sem&turpis=sed&a=sagittis&pede=nam&posuere=congue&nonummy=risus&integer=semper&non=porta&velit=volutpat&donec=quam&diam=pede&neque=lobortis&vestibulum=ligula&eget=sit&vulputate=amet&ut=eleifend&ultrices=pede&vel=libero&augue=quis&vestibulum=orci&ante=nullam&ipsum=molestie&primis=nibh&in=in&faucibus=lectus&orci=pellentesque&luctus=at&et=nulla&ultrices=suspendisse&posuere=potenti&cubilia=cras&curae=in&donec=purus&pharetra=eu&magna=magna&vestibulum=vulputate&aliquet=luctus&ultrices=cum&erat=sociis&tortor=natoque&sollicitudin=penatibus&mi=et&sit=magnis&amet=dis&lobortis=parturient&sapien=montes&sapien=nascetur&non=ridiculus&mi=mus&integer=vivamus&ac=vestibulum&neque=sagittis&duis=sapien&bibendum=cum&morbi=sociis&non=natoque&quam=penatibus&nec=et&dui=magnis&luctus=dis&rutrum=parturient&nulla=montes&tellus=nascetur&in=ridiculus&sagittis=mus&dui=etiam&vel=vel&nisl=augue&duis=vestibulum&ac=rutrum
100,15/03/2017,Ebert Inc,Support,Credit Analysis,Reverse-engineered secondary standardization,http://dummyimage.com/400x600.png/dddddd/000000,http://answers.com/velit/donec/diam/neque/vestibulum.xml?convallis=est&tortor=quam&risus=pharetra&dapibus=magna&augue=ac&vel=consequat&accumsan=metus&tellus=sapien&nisi=ut&eu=nunc&orci=vestibulum&mauris=ante&lacinia=ipsum&sapien=primis&quis=in&libero=faucibus&nullam=orci&sit=luctus&amet=et&turpis=ultrices&elementum=posuere&ligula=cubilia&vehicula=curae&consequat=mauris&morbi=viverra&a=diam&ipsum=vitae&integer=quam&a=suspendisse&nibh=potenti&in=nullam&quis=porttitor&justo=lacus&maecenas=at&rhoncus=turpis&aliquam=donec&lacus=posuere&morbi=metus&quis=vitae&tortor=ipsum&id=aliquam&nulla=non&ultrices=mauris&aliquet=morbi&maecenas=non&leo=lectus&odio=aliquam&condimentum=sit&id=amet&luctus=diam&nec=in&molestie=magna&sed=bibendum&justo=imperdiet&pellentesque=nullam&viverra=orci&pede=pede&ac=venenatis&diam=non&cras=sodales&pellentesque=sed&volutpat=tincidunt&dui=eu&maecenas=felis&tristique=fusce&est=posuere&et=felis&tempus=sed&semper=lacus&est=morbi&quam=sem&pharetra=mauris&magna=laoreet&ac=ut&consequat=rhoncus&metus=aliquet
